gene	variance	detected_spots
JCHAIN	7.319977396960824	4850
IGKC	6.739131043387273	4870
IGHA1	6.215914745924515	3535
IGHG1	5.299408060606359	3284
HBA2	5.013960123518409	4981
TMSB4X	3.5409552899039487	4649
VIM	3.283317213348818	4220
TXNDC5	3.2828586394707333	3754
B2M	2.731991448062423	2927
S100A8	2.7035678440031887	2950
CD74	2.6458849425603628	3017
S100A9	2.199896198790908	2467
SRGN	1.977954576501579	2728
COL3A1	1.9278379909741692	2406
OAZ1	1.873676212570785	2794
TMSB10	1.8662635694563297	2885
COL1A1	1.8341496682527088	2123
PIM2	1.7116812483558266	1973
ITM2C	1.6614019465258507	2332
H1FX	1.6135666922361738	2645
HBB	1.6098906701083642	1707
FTH1	1.5438145941873023	2579
HBD	1.4913817997264522	1946
XBP1	1.4889014242921905	2173
APOE	1.4247930038704215	2262
MCL1	1.423629730893974	2374
COL1A2	1.4041301087870304	1678
CXCL12	1.3867663788969096	2057
TXNIP	1.3784580118562852	2214
TAPBP	1.3742525020473262	2362
FBXW7	1.338813396216537	2173
FGFR3	1.3241739591796857	1250
LYZ	1.3240200343256556	2020
PFN1	1.2957821863249948	2149
UBE2J1	1.2877527745207684	1981
MZB1	1.2648399039793188	1867
POU2AF1	1.2369894765160971	1878
CYBA	1.2212710674116758	1961
UBA52	1.197104647674225	1988
AZU1	1.176889971355149	1598
S100A6	1.1768346754055972	1887
ACTB	1.1589119449728034	1946
CIRBP	1.1447226127396597	2026
FTL	1.1346443544620255	1799
FOS	1.1262782982441601	1686
EEF2	1.0883732844849914	1859
CFLAR	1.0655318830157723	1981
GSTP1	1.0580817937882152	1751
SPARC	1.056149618629049	1624
AHNAK	1.050235747746107	1663
SERF2	1.0438206686368416	1902
RABGAP1L	1.0415287637434933	1923
HIST1H1C	1.0406977094920482	1720
DERL3	1.0237696839960466	1593
TAF11L6	1.0237605167869293	1850
CCNL2	1.022739720207292	1985
USP17L15	1.011790584656332	2026
ZNF550	0.9812955360317671	1416
HNRNPA2B1	0.9610059007545693	1786
DDIT4	0.9594276953383343	1573
PSAP	0.9585801522709276	1694
RSRP1	0.9559159221916063	1913
LENG8	0.9557793840403033	1783
OGT	0.9502971958248649	1770
EID1	0.943735948513174	1742
MYL6	0.9398360687744299	1665
H3F3A	0.9282833141087383	1684
MPO	0.920434479315451	1366
TENT5C	0.9165664211464652	1637
CXCR4	0.9145407590041937	1630
PNRC1	0.9127821560594873	1484
LUC7L3	0.9102725033026409	1825
IL2RG	0.9092189187712789	1394
CCND1	0.9063861200297528	1197
USP17L3	0.9061051741234644	1579
BTG2	0.895149846933756	1628
TNFRSF17	0.8930099528457539	1497
FRZB	0.8920114693893864	1480
CD44	0.8870217393313968	1445
TSC22D3	0.8835021702103251	1605
SEC11C	0.8806998165370531	1416
MTDH	0.8681164514092545	1551
STOM	0.8680184536107054	1650
IGHM	0.8676351401017698	1097
CTSZ	0.8671097495380637	1547
JUND	0.8594637463864678	1602
PRDX2	0.8489082006178699	1603
SLC25A39	0.8451389276227776	1625
PTK2B	0.8394427085512951	1629
CD38	0.8382216958650417	1458
REXO2	0.8334844146309195	1629
SAT1	0.8333725661525906	1512
SUMO2	0.8288827717234606	1736
CLPTM1L	0.8284439101523495	1501
CST3	0.8262910226343333	1501
CNN2	0.8166381584519607	1790
SQSTM1	0.8087944473070726	1600
FNDC3B	0.8038115710467542	1537
CORO1A	0.8028509160788925	1514
PPIB	0.7978479227674796	1459
TFRC	0.79480882896711	1436
ADAR	0.7945030793006795	1470
IKZF1	0.7943346394498353	1702
DDX5	0.7902391293411866	1452
DUSP22	0.7861851799635043	1515
CCNI	0.7790480979291248	1460
ZNF549	0.771186879587299	1161
SPCS1	0.7701341664052113	1330
S100A4	0.7691368705827463	1368
ALOX5	0.7681065165957591	1568
SEL1L	0.7637322438859555	1331
ST6GAL1	0.7637149875900237	1369
HCLS1	0.7636185001564242	1501
METTL7A	0.759984920452055	1395
CTSS	0.7531512993073002	1409
PDK1	0.7475873271546114	1420
CRELD2	0.7432054248469239	1320
HNRNPH3	0.7387099582980092	1588
ZFP36	0.738175882099696	1471
SSR4	0.7375117305715087	1178
HERPUD1	0.7302638588318926	1305
BAG1	0.7270803955316346	1536
HIPK2	0.7207345044149205	1334
MANF	0.7200502077098861	1218
GLCCI1	0.7178030123061604	1340
ERN1	0.7173648751364845	1400
SELENOF	0.7142695962214741	1556
HIST1H1B	0.7140692651108316	1349
NEK6	0.7134215887142865	1245
ARHGDIB	0.7092749205766125	1434
FCRL5	0.7085566587872044	1219
EDEM3	0.7077827013199229	1257
OGA	0.7075604795425131	1488
HSPB1	0.7062504878414533	1311
TMCO1	0.7051837104552816	1392
RBM33	0.7041878450646499	1534
CD79A	0.7020780085121169	1046
IFI6	0.6976907344334454	1356
FOXD4L5	0.697585819337144	1424
TXNDC11	0.6973333780940139	1274
LGALS1	0.6952116627437303	1243
BRD2	0.6946904847606701	1543
MAT2A	0.6906630498384961	1461
SLTM	0.6898262240760248	1465
HBS1L	0.6891097347042234	1563
PSME1	0.6890683586537371	1359
IFI16	0.6879168603682423	1341
PRDM1	0.6845225859482337	1310
STT3B	0.6840647288871755	1324
FXYD5	0.6832675505246995	1220
LMAN2	0.6801795431297688	1265
RACK1	0.6778274333322801	1385
CCND3	0.6771633779763715	1214
RGS2	0.6768330199930498	798
MYC	0.675907168205183	1518
EHBP1L1	0.6721713248166962	1389
CEBPD	0.670456345275884	1311
SLC4A1	0.6670376662516959	1168
TMED9	0.6669298935158718	1333
MBD2	0.6662037899733078	1334
SPP1	0.6631935790638316	900
RHOB	0.6622374783963824	1191
AHSP	0.6616170758216908	1162
APP	0.6606340078852839	1027
SLC25A37	0.660268712489836	1211
SERP1	0.6601608618193554	1376
HBM	0.6584983094436136	1105
OS9	0.6573463634301588	1356
KLF2	0.6568951526580158	1390
CLINT1	0.6567322789258261	1377
MDM4	0.6566130347415471	1406
ARGLU1	0.6562529959367256	1520
MAF	0.6545493343557516	1153
TRIB1	0.653216440441287	1168
SYNE2	0.6510753679613287	1417
TRAM1	0.6506555670106984	1209
SSR2	0.650098591098281	1259
FN1	0.6490144406618895	1038
CTSB	0.6489660624063127	1186
SELENOT	0.648818427375107	1211
JUN	0.648770537870548	1158
JUNB	0.6464771811073465	1255
SLC38A2	0.6460206866468265	1232
GUK1	0.6458499190957042	1322
CD63	0.6449908505420908	1240
ELL2	0.6438190240090756	1350
BRI3	0.6409930553518347	1399
C12orf57	0.6401612263057566	1389
GABARAP	0.6376476106897544	1399
HRNR	0.6366462974265596	1200
BLVRB	0.633839688221228	1205
EDEM1	0.6334561701856416	1266
LTF	0.6319984592804233	1070
FOSB	0.6312475254616234	1117
TAF11L8	0.6310333075203783	1221
PCMTD1	0.6289924223218726	1376
TIMP1	0.6261120007302196	913
HNRNPUL1	0.6254996873868341	1385
CYTIP	0.6251978396570844	1273
RAC2	0.622917837878825	1284
SLC38A10	0.6226978567106546	1281
CNTRL	0.6219880925119148	1476
LSP1	0.6218530319389223	1341
TCF3	0.6212485546507601	1331
TUT7	0.6167366491022819	1386
GSN	0.6156830904785632	1180
SEL1L3	0.6123165741475108	1173
WNK1	0.6114907870289225	1421
PECAM1	0.6081483939003614	1258
MARCKS	0.6064510828499966	1210
YBX3	0.6056399232079679	1291
NDUFA3	0.6050707064634662	1298
LAMTOR4	0.6041104653914308	1302
SRSF5	0.6004214813712587	1298
ZFP36L2	0.59965839450781	1393
HYOU1	0.5993369125712014	1080
ANP32E	0.5992541784774379	1298
BST2	0.5933657808978653	1205
FMNL1	0.5933037180604855	1193
DUSP1	0.5931894982199971	1008
ERGIC3	0.5921233026988963	1155
CDK5RAP3	0.5918021119810573	1356
YPEL3	0.5900603093063271	1248
WBP1	0.5885278687970732	1304
ANAPC16	0.5870137709414085	1272
TBC1D9B	0.5851013507440728	1243
BTF3L4	0.5847300659559979	1340
SYNGR2	0.5840639943180189	1063
DRAP1	0.5828294547309947	1227
HNRNPA3	0.5824103687726874	1301
DCAF8	0.5807953840035665	1274
STAT1	0.5807255950810484	960
GYPC	0.5807157033223012	1211
TNS3	0.5804354391572338	1146
TTC3	0.5803654284163242	1331
RGS1	0.579653824699726	779
EIF4A1	0.579259540518873	1298
CKS1B	0.5783332415106999	1239
ASPH	0.5781072593155328	1311
IRF4	0.577427811947744	1222
EMC4	0.5755842186196308	1248
DDX17	0.5712532320795851	1193
TOMM7	0.5704135950438365	1140
C11orf58	0.570215879508847	1295
CHD2	0.570103149598075	1372
DNM2	0.5674948171171893	1267
LCP1	0.5668624200093147	1244
CREB3L2	0.564165052133927	1166
MAPKAPK2	0.5641528421672418	1102
POLR2L	0.5638885214781637	1201
CHST11	0.5625280486799321	1225
FAM3C	0.5622100500202891	1133
TPD52	0.5621493059224549	1085
KMT2C	0.5608658453228389	1259
CREBZF	0.5594868023232971	1376
WSB1	0.5590213953119846	1261
SPI1	0.5577751414845197	1240
GNB1	0.556048546890333	1160
PNN	0.5552710852420897	1266
ZNF595	0.5552280259454039	1201
REEP5	0.5545628579179515	1142
FKBP5	0.5538485744422663	1083
SEC14L1	0.5533893979673264	1144
SEC62	0.5517981194847953	1152
IKBKB	0.5516412667661252	1317
CA2	0.5512754404393295	1023
TAP1	0.550800575495986	983
FAM118A	0.5498432895973446	1299
WDR26	0.5497260414172173	1236
CITED2	0.5494437638156129	971
SNX1	0.5489454467518836	1280
SRPRA	0.5486354198658865	1128
EEF1B2	0.5475983070446581	1237
SNCA	0.5475733957379254	1082
STXBP2	0.5466512649462455	1271
NPLOC4	0.54521234188776	1249
COQ4	0.5441145200420338	1264
BTG1	0.5437888162002129	1250
CTSG	0.5424998150064626	926
STAU2	0.5404164619286176	1228
RNASE1	0.5402472523058628	999
ISG20	0.5397415378732842	1267
UBE2G2	0.5395162966956739	1249
PLEKHO1	0.5386816131276286	959
CYBC1	0.5380231556163075	1203
NDUFAF8	0.5375558215627774	1122
KLF6	0.5369963612389291	1052
ASH1L	0.5352896916607938	1210
MDFIC	0.5348564975946946	1197
TGOLN2	0.5346527434093393	1239
FAM214A	0.5341393499950741	1214
ZFP36L1	0.53407172804288	886
ST8SIA4	0.5339362797381475	1102
DEFA3	0.5331480733505106	812
SDC1	0.5326453426931089	1122
STRBP	0.531780759463584	1093
IER2	0.5317306263691202	1183
CSRP1	0.5313116060503974	1104
EIF3A	0.5309363224123108	1209
HNRNPA0	0.5283008081712459	1257
CA1	0.5277092667363511	935
FAM90A1	0.5263397669539568	1170
MDM2	0.5263312661381798	909
ARHGEF2	0.5261199018847798	1075
SYNE1	0.526046868928917	1277
CTDSP1	0.5252222973002534	1194
MBNL1	0.5249290773908322	1188
ELOA3	0.5248441112929829	1084
BMP6	0.5245907510325198	1185
SDF4	0.5232342020646856	1090
NDUFA4	0.5223391900876739	1101
AKNA	0.5222229042791264	1147
TM9SF3	0.5220436414377869	1136
IDH2	0.5218269261774556	1077
PDIA6	0.5213701676771376	893
FMN1	0.5204939914010407	1088
UFC1	0.520257556902019	1174
WIPF1	0.5202138475791162	1091
LRPAP1	0.5196660063033297	1212
SNU13	0.5181097468774604	1177
KCTD12	0.5160781311210877	1106
TP53INP1	0.5151200163286618	1036
SDF2L1	0.5149350374191403	1034
TMX2	0.5131098660942961	1152
ARL6IP5	0.5131083095369643	971
TRABD	0.5125936507141257	1206
PILRB	0.5118790872615315	1187
CNBP	0.5112662568519298	1081
GOSR2	0.5112404008095339	1171
CCDC88A	0.5101988646133346	1011
CAT	0.5098141319228622	1097
ARCN1	0.5094531047169275	1165
TPM1	0.508827971792838	1183
SUMF2	0.508440193590676	1102
RERE	0.5071148029065334	1165
TXNL4A	0.5051995102028464	1209
TM9SF2	0.5047788166072803	1152
ZRANB2	0.5023709413991482	1150
ELANE	0.5019737864014268	890
TRIR	0.5014459617601323	1128
MOXD1	0.5010611092156095	851
SRP19	0.5005176723315846	1157
IER5	0.5004617882351854	1003
SULF2	0.4998964309930372	746
FAM30A	0.4994912551499848	1100
GNAQ	0.49869678507894755	1187
TAF11L4	0.4979182475421444	930
APOBEC3C	0.4954703339318554	1035
METTL15	0.4952999851607833	1168
EZR	0.49504160365812033	1035
FCGRT	0.4941765424997717	1108
PRKACA	0.49417363985949064	1140
PDXK	0.4941322407143972	1186
SGK1	0.49363263131881213	984
SPG7	0.49167618288556136	1164
MAP4	0.4912504569847651	1061
P4HB	0.4900394337636487	1048
FCRL2	0.4896129079309197	954
BANF1	0.48951909464689825	1106
LTA4H	0.48935254850426446	1111
RAB11B	0.48864774968134916	1119
COL6A3	0.4877318027128734	797
VCAN	0.48745353966023464	1029
MGAT1	0.487133681630696	1152
NFKB2	0.48679647072282833	918
SIVA1	0.4867356601783193	1143
CLEC7A	0.48628034595343583	700
SH3BGRL3	0.48570791388665546	1020
KCNN3	0.48547670310474705	706
CRTAP	0.4851716823301327	1083
YBX1	0.4850605076161675	1097
ARPC1B	0.48492774088683366	986
DERL1	0.4847057477881083	1041
STK4	0.48461584177561745	1162
CALU	0.48426481011724004	1068
RESF1	0.48247714770371136	1142
AKR1B1	0.4821361470841646	1058
MXRA7	0.48197360419951	1066
LCN2	0.4818803343622104	978
CHID1	0.48186104235093885	1088
A2M	0.4815941094785349	835
LASP1	0.48064106682773095	1114
MACF1	0.4795612213843148	1091
TSPO	0.4791166586468622	1038
MAP2K2	0.4789324349841698	1157
SERPINB1	0.4787438519898296	1014
N4BP2L2	0.47823387632228004	1118
FBXO7	0.4776859191790116	1102
TOP1	0.47757086473048044	1118
GAS6	0.47740385461191565	846
HDLBP	0.4773400305747374	1063
PDE4D	0.47720949046544936	1115
CHTOP	0.4764348402962141	1120
MSTO1	0.4759429137040333	1136
NDUFV1	0.47592356645979317	1099
DST	0.4740297739054634	1021
STT3A	0.47394930318904144	1041
STAG1	0.4721868656428657	1140
CDKN1B	0.47127219822208655	1042
C9orf16	0.47082463288437904	1076
TPP1	0.4704531595950916	1112
G3BP2	0.47023929225098127	1060
AKAP9	0.46995772099042965	1095
TMED4	0.4699187764528794	1075
LMAN1	0.4698032897390148	1074
SELENOP	0.4695373147474848	941
CD53	0.469516487862751	1023
PRTN3	0.468503338975042	825
CKLF	0.4681990726985653	1039
ACYP2	0.4679860636472242	1085
MARCH7	0.4666302487663057	1115
CNDP2	0.466508255137108	1071
NAA38	0.4664624895150006	1158
EMP3	0.46626868808739064	870
MGST3	0.46626095248142674	1092
SOD2	0.46562754699158454	999
RAP2B	0.4654481278557725	1024
GNL3	0.46508692865087253	1055
TAGLN	0.4650515991383641	925
INTS4	0.46494741833404807	1149
ANAPC11	0.4649339044806533	1070
P2RX1	0.46469049979216115	948
FKBP11	0.4643554211333693	1025
ZBTB38	0.4634490160347137	995
METTL9	0.46344717386688444	988
UCHL1	0.46325841525268135	608
ASS1	0.4632068704615945	975
LUC7L2	0.46217787745552585	1135
SEC11A	0.4620048118089211	1002
RABL6	0.4619034764866695	1037
SRSF2	0.46071990083066017	1076
LAPTM5	0.4606511739819423	1019
CCDC50	0.46014687482750927	899
ATP8B2	0.4598727704027578	960
TAP2	0.45887572685992256	968
C19orf25	0.4587500365669595	1067
SEC31A	0.4585237222475368	987
MPV17	0.45845475245295514	1087
DNAJB9	0.45836980553988826	872
GRK2	0.45831710651537183	1039
CCDC85B	0.4582835998512297	1034
FIS1	0.4577400022382877	1064
PNISR	0.4573953763911623	1032
ARL6IP4	0.4573496370558554	1083
PSMB10	0.4573454195566401	1027
DPP7	0.45669955380644195	1092
PRKD3	0.4566972299968091	1017
PRKAR1A	0.4555061574125763	927
PPP1R12B	0.45378503108505175	1130
ANAPC5	0.45332254896356333	1026
CD47	0.4529667029010753	1056
KDM2A	0.45273758096882183	1003
QKI	0.4527253927656977	1073
NELFCD	0.4523325639542581	1077
LITAF	0.4517125150334288	1067
HNRNPUL2	0.4512519420528883	1065
ETNK1	0.4505511712655714	1099
TPM2	0.44992013014724097	955
ADI1	0.4492761949081225	1041
VPS13C	0.44927267126275156	1071
PHPT1	0.44911826835851015	977
PNPLA2	0.44890325321698743	1062
WDR83OS	0.4485397251392784	1003
PDCD4	0.4478407694319809	1079
HAGH	0.44721645305755636	1050
MRTFA	0.4471051333564372	983
MAP2K3	0.4469148896188984	1058
UAP1	0.4468715774031247	941
SP100	0.44678334116297375	1042
RNF19A	0.44610311438413963	924
SMAP2	0.4458170449174178	1048
LGMN	0.44550447969968043	903
NUMA1	0.445500840190124	1077
TUFM	0.44537916993098375	1055
SF3B5	0.44531107315024443	996
ATP2A3	0.4450849364558301	1005
API5	0.4450778939764702	1068
NPC2	0.4445314921258823	945
EGR1	0.4438251961764925	713
PBX2	0.44379630918395996	1082
PLEKHB2	0.44377382601033744	987
CPEB4	0.4434934932713406	1048
ATP5MC2	0.44344734295111105	1021
HSPA8	0.442793587228468	1008
USP48	0.44251083381573203	1039
USF2	0.4423480992098822	1032
GLUL	0.4409168666562605	1015
RTN3	0.4402877835903318	1006
TMEM68	0.4400731046903916	921
NDUFV2	0.4396111140730183	1060
ARHGAP45	0.43960272216332047	1008
SERINC1	0.43955653356060537	913
EPC1	0.4393411246077058	1085
JTB	0.4391127073484879	919
ACADVL	0.43902381263392154	1070
FUBP1	0.43860359591235554	1032
NDUFC2	0.43852291360900336	1079
ATN1	0.43790204739609717	1028
AKIRIN2	0.4371962228261297	1045
APLP2	0.4365968847257272	1039
PAFAH1B1	0.4361050098788489	1034
ARRDC3	0.43565197461415106	990
FOXO3	0.435266413112685	1046
RABAC1	0.4351708440580219	1005
VKORC1	0.43460428781583854	966
SMIM7	0.434525564123317	1036
EIF5	0.4342433684642618	988
RHOA	0.43396370577424603	967
RNF187	0.433757964254739	1003
GSTK1	0.4334278141879185	1040
GPATCH2L	0.43341913098510215	1045
LTBP3	0.4329649737958093	1025
DDT	0.4325142598285311	1020
CDC42SE1	0.43249905741145467	972
RAB3GAP1	0.4317888172488135	1001
NRDC	0.4315886438389889	968
KMT5A	0.4313418464094416	1035
CDC42SE2	0.43109612033853023	965
UBE2E3	0.43105597358169856	1006
TRA2A	0.4306726770537335	1025
SPCS3	0.4305071189878675	836
SPTB	0.4300537496997226	869
INTS11	0.4300273687709642	1025
ILF3	0.429576280213293	1045
PSMB1	0.4290739113365898	1024
NDUFB11	0.4286755820592197	1025
HNRNPD	0.4281850997289918	991
NFE2L1	0.42806949778069586	894
VPS13B	0.42768938037895715	1072
RAC1	0.42763830635132316	1036
CD99	0.4273887599263078	992
DAZAP2	0.4270513568555872	1034
HIST1H1D	0.4269721451231262	1022
MPRIP	0.4269253888613993	1032
COL6A1	0.4268401842859915	833
SEPTIN9	0.42676970889836746	1050
SPTA1	0.42658500882234784	906
KMT2E	0.42645911077255494	954
HIST1H1E	0.4263895773160542	987
IGFBP4	0.4262348661430766	795
ANXA6	0.4262082907617761	836
MYDGF	0.4261078407783169	895
LTB	0.42557999408650427	740
FAM120A	0.4255257268037315	1023
CALD1	0.4249044027647044	831
SAFB	0.42454210826611716	1036
AURKAIP1	0.4245072729382798	963
TAF7	0.42446456287387585	1012
GTPBP1	0.42422509954922416	1057
RBM14	0.4241333876422889	1096
APOL6	0.42403982485744685	961
KLHL6	0.4238419890324947	1085
RRBP1	0.4237109492482059	943
EIF3B	0.4235512334286037	1025
MRFAP1L1	0.42331036621306306	1004
GPBP1	0.42330627725652087	990
RER1	0.42269033665153855	985
SETD5	0.4225496087863923	1087
ISCU	0.42229255163772084	833
SSR3	0.42221116698619576	872
UCP2	0.4220812977228115	1006
EEF1G	0.42181548456180473	920
EHMT1	0.4215846416300673	1069
PA2G4	0.421095138963961	986
ZNF644	0.4207287295889245	1025
COL6A2	0.42047494005843766	763
RAB14	0.42041948143607977	1051
CTHRC1	0.41981604804482425	880
DPYD	0.4198102609920696	1027
DENND10	0.4196377727567121	1031
TNXB	0.4195985085768585	922
IGFBP7	0.41934916684894175	759
LAP3	0.41924879445929386	910
GRINA	0.4192174051898692	1024
SELENOH	0.41904806830067337	1021
BTAF1	0.4190288959885933	1011
RNF7	0.41874708878898964	963
SFMBT2	0.4187023183834913	1041
LUC7L	0.4186904440032206	1046
VPS37B	0.4179337164576214	927
HNRNPF	0.417911845372999	992
NDUFB5	0.4175999364199436	1013
ATG16L2	0.4172208589933344	1058
SH3GLB2	0.41711284690902367	1015
CADPS2	0.41683124981185443	891
ST6GALNAC4	0.4162758793271572	1012
ZEB2	0.41615854912569444	965
PTAR1	0.4161369701952057	1012
GRN	0.41581242686757797	973
ANKH	0.4155553724275485	861
CLTA	0.4147915298221888	985
UBXN4	0.41428777235420033	962
FKBP8	0.4140453803558255	910
POLR2A	0.41392105940889257	1020
RBM6	0.41296777778193317	1031
SLC44A1	0.41280791257232974	923
SRM	0.4125217592592837	953
HELLS	0.4124677378865927	970
SNRNP200	0.4124218740943695	1024
ANKHD1	0.41216281305331326	1019
LAMC1	0.4116120258989158	828
KLF13	0.4112165232899039	1025
MMP24OS	0.410969798013269	944
ITGA4	0.4108142279410071	998
MAT2B	0.4107813620722912	908
GPX4	0.4106827265136704	934
DYNC1LI2	0.4106062992944064	996
DNAJC1	0.41056513079694706	958
ECH1	0.4104012004230494	982
ZNF394	0.4099381954966061	970
PEA15	0.40935302652543937	761
MICOS10	0.40902216380316087	847
MED25	0.4082622409251293	967
SIN3B	0.4077286887678968	995
SND1	0.40742522529016323	917
GPAA1	0.40740741042546635	961
SRPRB	0.4073107921385452	903
FAM193B	0.4072357339668433	1027
SLC2A1	0.40723421695346695	1036
NR3C1	0.40721131675713795	950
NAP1L4	0.4068225198649086	998
TMEM259	0.40648164942604664	1006
RASGRP2	0.4064714036098977	905
COMMD3	0.40622618357659	958
C11orf71	0.40581049325980545	908
SCAF11	0.40557353481552616	1002
CADM1	0.40540193763474375	803
EIF4EBP2	0.40533474001524805	926
ATF5	0.4053156822339869	720
SMARCC1	0.4052597786950153	952
UBAC1	0.4051453561443359	928
KRTCAP2	0.4045430419614579	858
FADS2	0.4043889730114488	909
GUSB	0.4039635598130947	919
SMARCA2	0.4038963458410488	1028
GALNS	0.4038381230457788	1043
VSIR	0.40375942875970355	985
URI1	0.4034457359059896	899
CFL1	0.40330345593492634	945
GNPTG	0.4032216199469571	968
CAST	0.4030575785789947	838
SMAD3	0.4030570703187557	869
NDUFA2	0.4030054552652193	960
HSP90AA1	0.40294090945253197	917
RHOQ	0.402491509293941	892
HM13	0.40227436971214886	967
RNF10	0.4021726676518587	948
PRKCD	0.401939441308936	966
TRIP12	0.40179291656161	1022
DCN	0.4015288412029165	780
BCL2L1	0.40150156972173856	933
CSTF3	0.4007788292307918	954
HNRNPL	0.4007698754798933	966
PRDM2	0.4005858896642291	1007
CUX1	0.4001244247854216	962
CDK14	0.3999096640670156	754
LIMD1	0.39982018204779407	1004
SUMO3	0.3997864990878258	941
GGA2	0.3997387653600506	960
BSG	0.39947686132924937	943
DYNLRB1	0.39880420543577905	897
PRDX4	0.39848797686094883	853
CAPN2	0.39844792072379004	880
ANXA2	0.39826994864797693	745
RNF115	0.39826695658757466	899
DEPTOR	0.3981377532901455	735
MTERF4	0.3979106379223056	902
PYCR2	0.39726717476672585	969
G0S2	0.3971030604528473	756
COPG1	0.3967844354239958	947
SELENOW	0.39616895953183484	899
GGNBP2	0.3960500615159949	1060
ASXL1	0.3959859741149909	993
SNX19	0.3957632084921457	991
ARHGAP15	0.3955589763618974	961
EP300	0.3950721306694374	987
IRF3	0.39506989180464414	965
INO80E	0.39496030576120517	966
DNAJB11	0.39494533067897	858
PLD3	0.39489490556571566	925
MON2	0.3948720393112759	963
ETS1	0.3944405186830437	847
SLC40A1	0.39416367736277624	969
TMEM50A	0.39380930938931186	875
SHC1	0.3937521995695973	890
CEP128	0.3935488997175122	741
ANXA11	0.39321110374118307	988
BAG6	0.3927281168366614	954
FLOT2	0.3924362017473581	959
RXRA	0.39239418516515434	947
NDUFS6	0.39235438269898304	861
DHX15	0.39199987624627197	928
CSNK1G2	0.39146711058418077	921
SYVN1	0.3911846262861133	881
NUS1	0.3909845673932962	873
CCPG1	0.3909179876339149	892
PEBP1	0.39084784143753065	866
ATF2	0.3905924233693049	929
LAMP1	0.39045592929763845	883
MSN	0.3902462668934768	843
FAM89B	0.39020936888728025	889
NHP2	0.39007258264356875	941
PRG2	0.38981529776754564	675
EVL	0.3885455379544626	988
GNB2	0.3875071038721931	905
APRT	0.387464632363393	882
RBM25	0.3873671591888231	949
PTPN1	0.38693765031373367	914
SRSF4	0.38633059013989646	957
RAPGEF2	0.3859889851441662	871
ATP5F1E	0.38542277098206346	836
ITM2A	0.38531627759225584	699
ANKRD11	0.3850488272011757	969
CYTH2	0.3848108620427936	941
CD163	0.3846763421020118	796
MLEC	0.3846361693741288	893
PRPF3	0.38451371910006615	936
WWOX	0.3841129188594166	954
CHSY1	0.38373119958084023	825
DDX24	0.38372473380952893	900
PDHA1	0.38368013346171687	914
NDUFA1	0.3832703088284827	855
KDM2B	0.38302557277800897	955
FBXL5	0.38294623101564873	887
NME3	0.38199863427074887	911
DOCK2	0.3817148064603343	881
CMPK1	0.3815070191845067	893
GLRX	0.3814825020520098	924
ENTPD4	0.38147458973790604	936
MESD	0.3814457906008169	915
RAD23A	0.38111329433692637	915
TM7SF3	0.3810704927829308	946
EVI2B	0.3809550675183249	890
SLC3A2	0.38083160156044504	815
ATP5MF	0.380711992630166	854
EDNRB	0.38055186377294126	670
UTRN	0.3802780919902473	930
COX7A2L	0.37939973304602553	917
MFF	0.3793276207675406	874
TRIM38	0.37931674560826356	933
PTPN6	0.3790531798022925	937
RGCC	0.37905076323571224	974
USF1	0.3786520608329358	895
RBM5	0.3784334654509366	986
CLIP1	0.3782076867975651	860
ZFC3H1	0.378026828300815	969
STK17B	0.37799538910276415	895
CALR	0.377969861847831	779
SAFB2	0.3779524796740696	935
FCRLB	0.3776025384279775	591
TMEM183A	0.37756377637912564	898
BSDC1	0.3774139852439204	1001
OSTF1	0.3773341022579775	827
RANBP9	0.37722710820256344	941
MAGED2	0.3772082495740454	850
VAMP8	0.3771808423109079	893
ELAVL1	0.3770152199841412	926
VHL	0.37683595684920246	996
SMC4	0.37651234365807523	978
NSD2	0.3764735938936765	709
KAT2B	0.3764516495632475	931
AGTPBP1	0.3763965817820294	931
MARCH8	0.3763676327664511	902
LRPPRC	0.376268569731146	931
LINC02693	0.3758722817045155	818
DEFA4	0.3757826062688633	721
LMNA	0.37557673282346643	818
PRMT2	0.3752545330053897	842
COX17	0.3748924109608435	871
AHSA1	0.3746229567451419	893
CKAP4	0.37458534403844035	822
HMBS	0.3742478567530965	869
GDI1	0.3738757623733029	845
SP140	0.37347519519327044	858
ARFGAP3	0.37271459055601175	870
AKT1	0.3726253248245347	916
USP17L2	0.37237468169208776	794
NDUFB7	0.3723035440419224	883
P2RY10	0.3720675373237558	741
WDR33	0.3720419545347727	937
ADD1	0.37193941508059686	902
HNRNPU	0.3718788450873505	902
ITM2B	0.37184263390518385	800
USP15	0.37183304050372173	939
ADIPOR1	0.37166874219589396	851
STAG2	0.37133852389670496	865
CELF1	0.37129295915274174	980
UBE2I	0.37088192227961136	922
TMEM64	0.37072636928479163	766
FLII	0.3701429260478438	899
CBX7	0.3698923991979737	829
POLR1D	0.36986364034155345	968
CSK	0.3697022165362185	921
TMEM248	0.36942592576265765	865
TRAPPC3	0.36938865466442816	906
LCOR	0.36938304518669546	930
PSMB9	0.36937007557401585	790
RHOBTB3	0.3693642436605732	899
EMP1	0.36934439576519074	798
CD36	0.36892799008481947	849
RNF149	0.3687550043521767	819
PPP3CB	0.3682525977410617	937
SEC13	0.3680137574799122	893
PJA2	0.3678541310995645	886
LIMD2	0.3674648176447555	845
NTMT1	0.3671640640789397	885
MAPK10	0.3669143361096516	777
ITPR2	0.36681631094432365	903
COX6B1	0.3667499129117915	824
CYTH4	0.3664672879490058	927
CD37	0.3663147639944789	860
PPIAL4G	0.3662858019196331	822
LBR	0.366114977227947	871
TMUB2	0.366015363270429	1004
SUGP2	0.36600874976061154	972
MAN2A1	0.365983691592521	909
NFX1	0.3659739383842828	950
EGLN1	0.36587482454414705	830
PPP6C	0.3658733063786801	906
RAB27A	0.3658093941330567	839
ARIH2	0.3657716320424324	857
HIGD2A	0.365669201919035	945
GATD1	0.3656547181202942	921
UBC	0.3654159174718252	735
BMP2K	0.36537183615385976	675
OXR1	0.36530981194360335	908
TSPYL1	0.3653063371269174	885
TGFBR2	0.365226860021013	852
EXOC7	0.365148904172941	914
TCF25	0.36478871439415494	898
SLC39A3	0.36461227533009494	797
ZNF292	0.3645757514382583	925
SETX	0.364472781828664	881
NFIL3	0.3644054403516788	859
MIA2	0.36424916150109427	833
DNAJC8	0.3641834289038538	844
PURA	0.36417447057806446	819
HK3	0.36404177878659305	838
ZBTB7A	0.3638766865180669	972
TNFAIP3	0.3638080217615221	717
ATP5MG	0.36379192829620405	900
CLK2	0.363530525081436	906
CSNK1D	0.36323043001700767	886
EI24	0.3631702981533204	890
STRAP	0.36314904771997536	920
PLXND1	0.36305518684879945	859
PSMD13	0.36280366922735996	884
ZNF264	0.36277063166761137	916
PPBP	0.36250742414859705	502
NCAPD3	0.3624600458552384	957
CLEC11A	0.362025526648699	692
CDKN2AIPNL	0.3618960461201915	820
CYTH1	0.36179162496455103	926
MAF1	0.3617571867816021	823
FABP4	0.3617186955073724	752
APEX1	0.36156735153547903	872
USP12	0.361532067027451	888
MAX	0.3609014768495008	881
ATP11B	0.36061389952695166	925
KIAA2013	0.3605373568854887	867
PRPF38B	0.3602250469930827	894
PMPCB	0.3601143657131979	897
BCL2L13	0.35997349668743384	881
FRMD4A	0.35949119124437784	826
TRAF3IP3	0.3591320306788333	727
CD48	0.3589769140275326	748
TIMP2	0.35884462999391664	748
CGGBP1	0.3588394400989125	877
ABTB1	0.3588109610529882	855
GAK	0.35867148853408926	905
CCDC14	0.3586369153660451	870
HBP1	0.3582729302102306	821
TMEM109	0.3580285901471655	768
LDB1	0.3579001541288707	876
ACTR3	0.35765714019521194	852
CDC73	0.3574601643722501	849
EHD1	0.35728690788942824	860
TLE1	0.3567218018747445	904
BLOC1S1	0.35667802284250527	883
NUCB1	0.35647403339558703	874
NRXN1	0.35566974411095054	781
PPP1R15B	0.3554345263669446	871
ARPC2	0.3552958165052668	808
E2F6	0.3552902527201169	815
BUD23	0.35517988827263036	778
ARID5B	0.35509425252771765	910
UBL5	0.3549707221196011	806
MCF2L	0.3549105489809735	891
UHMK1	0.35453875140476576	866
CAPZA2	0.3544912515779344	806
S100A12	0.35430964740201004	727
NKTR	0.3541470780966118	873
NME2	0.353876476975925	821
NFKBIA	0.3532975128897237	816
EPS15	0.3532643348402882	862
ITCH	0.353149779780858	787
COX11	0.35275733934053766	859
RBM38	0.3526793349574319	868
SURF4	0.35264601148807917	856
PIM1	0.3526304388942902	847
RTCA	0.3525317039525618	887
ARIH1	0.35210194362360364	866
COX7C	0.35162024656005453	849
IL32	0.3514245279729752	813
SLC20A1	0.3513502219179294	915
RBM15	0.351101876786521	890
NUCB2	0.3510179854047456	784
TMEM59	0.3509011752900796	797
NCOA3	0.35055117077772785	876
KLHDC4	0.35051093369188174	872
MCM7	0.3504991815489273	897
ARF6	0.35033230324867537	837
CPSF7	0.3500005880510495	844
BCL2	0.3498707751486454	841
PTPN7	0.3498059113092465	828
STX16	0.3497354636053886	922
TRIM27	0.3496282857163089	922
YTHDC1	0.3496104511385081	913
CCM2	0.34959322803803106	827
INSIG1	0.34940733209501024	737
TAF10	0.3490506007436889	889
LYST	0.34899243829276505	842
TMEM263	0.3489688468483271	862
KLHL21	0.3489533246000285	856
PRRC2C	0.3489228538446515	845
ARID3B	0.3488062651745214	868
CLDND1	0.3484009760651998	743
ARPP19	0.34820908570135956	729
CIAO2A	0.3480248576666109	856
SLC10A7	0.3479648653682856	831
CASC3	0.34796065147969224	867
CTDSP2	0.3478088239533809	852
MAGT1	0.3477968269066425	789
GNAI3	0.34777202752160025	848
ARL8B	0.34749207089050366	780
ALKBH7	0.34731695759617137	858
PGAP2	0.34719203805613497	857
RCSD1	0.3470941438012188	902
QTRT1	0.34697606853332896	842
SRP9	0.3469183424228317	815
ENDOV	0.34691158890792917	824
C4orf3	0.34674602562198087	814
ATRAID	0.3466807553603203	775
FLG	0.3465627418586109	721
ALG2	0.3463071290304762	901
ADA2	0.3462766726208704	834
B3GAT3	0.3462671033322888	856
NABP1	0.34619952528042847	726
AKAP13	0.3460437037902319	911
GCLC	0.34599414572585196	907
LY6E	0.34592392555173074	803
MS4A7	0.345774063325018	795
BGN	0.3456998445562966	592
IMMP2L	0.34569520509554674	853
NUDT16	0.3456506761294585	849
MSI2	0.3456372383941167	811
CHCHD2	0.3456075797275671	837
HADHA	0.3454803310645364	831
RSRC2	0.3452873809406876	884
WDR82	0.3451967945702063	824
IGF1	0.3451546970098627	713
ATRX	0.345142704878564	818
COPA	0.34513330134867054	810
ARRB2	0.3450502703624971	818
UBE2D3	0.34504620792936275	857
CLIC4	0.3450158818293005	807
WNT10A	0.34489422327336416	568
RGL1	0.3445715129778916	613
SAMD9L	0.34453787790363505	732
UROD	0.3445201076658198	869
CUTA	0.3445184020440199	807
CLCC1	0.34442491834556416	870
POGZ	0.34437715249575723	809
UBE2V1	0.34423253101434637	842
TSPAN3	0.3441956769121522	764
CD2AP	0.34415919172690185	863
BAZ1B	0.3437579295437397	843
DMTF1	0.34335173266837726	846
BACH1	0.3433289963482565	880
TACC1	0.34312390738238496	854
MTCH1	0.3431105057389649	845
HEXA	0.34246723862862677	883
SLC39A11	0.3423910536038444	812
TCIRG1	0.3423769601402527	867
PCMTD2	0.342338159995628	835
DAP3	0.342130633855818	820
LAMTOR1	0.342004604188395	863
HDGF	0.34191992404596844	847
IRAK3	0.3415260055548264	811
BGLAP	0.34149712224386386	531
ERBIN	0.3413554019307805	826
SNX5	0.3412121232932579	811
SSBP3	0.3407941671528846	776
YKT6	0.34075795399559194	836
SLC25A6	0.3404676330685468	873
RAF1	0.34030181618113525	830
PHKB	0.3402641186755766	842
PLPP5	0.3401404228186366	824
ZNF410	0.3400762738108568	851
EPAS1	0.33941097680078103	716
BNIP3L	0.3392621299184114	772
DENND3	0.33913376834783154	803
SLC33A1	0.33899201767553155	841
CFL2	0.3386633016129423	697
VPS45	0.338651280110073	790
NDUFB6	0.3385539015409629	829
GOLT1B	0.33849975633544044	821
EIF2AK3	0.3383465098175474	700
LMO4	0.33828079113999737	796
CASP10	0.3380448515816714	765
SLC1A5	0.33797252410617606	739
AMFR	0.3379238407026168	804
CYHR1	0.33791529267905623	849
SEC22B	0.33789146751082466	868
MGAT2	0.3378792456793365	818
HMGB2	0.3377494132235607	842
MMP9	0.33770362114256164	646
MOGS	0.3375850667409793	918
PMVK	0.3375535190550119	755
TMED7	0.3374251622625651	833
C17orf49	0.33722366477190435	746
BRF1	0.3371686532605218	824
SAR1B	0.33708091635309056	822
SLC7A7	0.3369095648909854	809
FCHSD2	0.33677928870468227	787
AKR1A1	0.3367516971756365	846
PTPA	0.33669214837703737	767
EAF2	0.33656911985454263	860
NKG7	0.33654992502610154	761
H2AFJ	0.3365372154893085	684
ROMO1	0.33616950236442233	827
IDS	0.33607825293575194	761
VARS	0.33593000309642596	810
EIF1B	0.3357635008192119	883
PLPP3	0.335363098785659	853
RNF40	0.33535739462268843	873
SYTL1	0.3351335181151125	879
CCNDBP1	0.33504336376054367	912
SMAD2	0.3350296626680571	869
IL16	0.33475904361191616	822
ARAP1	0.33468125638354074	871
SMCHD1	0.3346422622346637	909
NCKAP1L	0.3345093340075441	818
TRNT1	0.3341110909088059	870
SCAMP5	0.33405649975166996	755
DNMT1	0.333968451473303	834
SLK	0.3334913525330729	785
NCOR1	0.3334186117864589	832
PRSS23	0.3331642084967615	733
BRD7	0.3330004247859897	841
TOR1AIP1	0.33292959825696417	769
PAK2	0.3329215680433826	781
M6PR	0.33283517063804474	828
CDC37	0.33271971650654747	796
HIPK3	0.33242276934186643	804
ARHGAP4	0.33241152645022504	898
ELMOD2	0.3323433824554128	803
GSDMD	0.3323192779515727	880
CREM	0.33204909961100715	780
EIF3J	0.3320340096239503	815
GPBP1L1	0.3317702860429947	826
SMARCA5	0.33166752718174386	808
E2F4	0.3316265081692239	828
MGA	0.33146402956642906	772
UBR4	0.3314020584983101	823
CSDE1	0.33095909035835047	764
USP34	0.3309025933460806	848
LRRK2	0.3308762727174247	799
RBM3	0.33086140111375606	874
NDUFAF3	0.3308398800039877	817
SCP2	0.33082795744241356	810
SMS	0.330740586164159	788
CLK1	0.3300795909043481	849
CHURC1	0.3300351909738821	827
PBRM1	0.3299145094337243	826
NCF4	0.32989651518408825	764
ZMIZ2	0.3297582833017797	732
CBR4	0.32940903637803093	862
BCL11A	0.32937997942731295	821
PPP1R9B	0.328927674820524	833
CPED1	0.32883104236918076	771
PICALM	0.3286380055275051	838
BET1L	0.3285591111926134	871
KLF3	0.32849685782254184	850
CHCHD1	0.3281867796819567	809
CELF2	0.3279515023743526	831
FAAP20	0.3279305332077278	785
CBFA2T2	0.32762849480038053	797
PDK4	0.32751115068882986	742
RIN3	0.32747610317759657	776
CNOT8	0.327264492697151	778
PABPC1L	0.3271369569342394	857
NDUFS2	0.3270919651678344	775
CXXC1	0.3269458843317439	844
MBTPS1	0.32688149975082165	813
FBN1	0.3268694931069937	680
DNAJA4	0.32660765868608377	776
CYB5R3	0.3264986415723158	739
NBPF20	0.3264643048836356	700
MAN1A1	0.326354901819627	796
PSMB8	0.3262054152927026	752
SLAMF7	0.3260832923863681	689
RAB6A	0.3260380163341707	780
PSMD9	0.3260261021120928	853
NUDC	0.3259740810082621	818
TOMM40	0.3259735614043626	844
TPGS1	0.32577332239232176	780
CDK2AP2	0.3257532739763087	845
CD180	0.3256089021520588	635
COPB1	0.3255035291794788	845
GPALPP1	0.32549195095385464	798
RASA1	0.32548414013111227	779
RAB5C	0.32541340978100586	795
RHOG	0.3250872023184318	775
TCERG1	0.32506053818838665	837
UBE2Q1	0.325037022224256	764
CTBP2	0.32490552836629144	792
TXNDC12	0.3249046356433376	829
PPM1B	0.3248153036063204	845
ADM	0.32475572994779023	824
TNIP1	0.324718541677648	787
GOLPH3	0.3247167363480442	826
ITPKB	0.3245756596924889	914
TMEM41B	0.32456319641977155	834
CPQ	0.32455888643949105	713
TUT4	0.3244385116397258	846
CALCOCO2	0.3244269366581152	803
YTHDC2	0.3243295704731292	881
TMEM140	0.3242129028473472	678
TMEM106C	0.3241982357559324	719
RABGAP1	0.3241910104156745	812
PRKG1	0.32404903720833556	726
PPP1CA	0.3240155421203618	794
NUP205	0.3239169061267082	802
ZNF568	0.3237673368994166	722
CD14	0.32375912431514525	690
KCNAB2	0.32349276923267584	789
SELENOS	0.3234869473753141	771
AIM2	0.32342734606644946	781
ARID4B	0.3233107102637319	791
CCDC91	0.3232079528531876	791
FOXP1	0.323061306941728	820
CCDC71L	0.32305219415562186	702
EIF4H	0.3229516371659997	819
POLDIP3	0.322775796912583	813
LUM	0.32266120359052247	577
FCAR	0.32248041313090386	750
EMC7	0.3224716678765218	746
CPNE1	0.3222800617754374	823
TBCB	0.3220425886478371	793
EPC2	0.321939615280974	861
FBXL12	0.32185526155776867	782
ARHGEF1	0.32182912245906914	864
VCAM1	0.3217935380766825	775
SLC25A24	0.32177288322654635	793
NEDD4L	0.3215595186179009	824
BAX	0.32155701191574	683
GLYCTK	0.3213884898429138	842
NGLY1	0.3213295473542216	795
UBE2QL1	0.32123165446425506	644
CEP350	0.32122306248935145	875
TM2D1	0.3211852282187791	777
ATP6V1F	0.3211108484428115	662
GADD45GIP1	0.32099382092352385	783
RAB8A	0.32095058788665426	756
SLC39A8	0.3208737337977232	738
PRPF40A	0.32079112321351116	851
ARHGDIA	0.32057545770811446	792
NRBF2	0.32049234314773856	783
ACBD3	0.3204567594487379	785
GADD45A	0.3203306570080337	762
HERC4	0.32032821719565036	810
GRB2	0.32029618430266626	816
TYMP	0.32013745429970086	678
SREBF2	0.3200769784116903	781
ZFP91	0.3198824414919724	792
PPIA	0.3198805236133664	683
CTSC	0.31977132579999706	844
STK17A	0.31969018099283875	674
ARHGAP27	0.3196373421640666	814
APH1A	0.31960090329571444	740
SYNE3	0.3195953454166176	695
UTP23	0.31955107562946017	778
TNS1	0.3195354708104136	704
SMARCB1	0.3192368879630646	776
MOB3A	0.31920972976434014	901
PPP1R35	0.319116338554452	796
ERLEC1	0.31909065733975883	766
USP4	0.31885705652641955	830
LY96	0.31880337001314457	682
FER	0.3187288479304081	809
CCNYL1	0.31866442028392356	864
MROH1	0.3184650837364409	847
DEF6	0.31810356355524055	788
ADRM1	0.3180971835853668	737
SMDT1	0.31775810929691034	815
LAX1	0.31765705794609717	768
ATF6B	0.3174830465016997	820
BMPR2	0.31746168612060316	726
FBXW2	0.31744648843431	826
MRNIP	0.31740449949185046	852
CCDC88C	0.31731596609227547	816
YWHAZ	0.31719595707289255	719
NIPBL	0.3171470219275352	787
BIRC6	0.31691457213491653	822
TNFRSF1A	0.3165982769358345	668
SLC38A1	0.31658807529032795	721
COX7A2	0.31653780048325686	800
SLFN11	0.31647171429025467	870
LRCH3	0.316402310070909	740
VPS28	0.3163473042665131	829
PPP1R18	0.31634135047479556	730
FAM174C	0.31633143148024234	790
POLR2H	0.31630629206100885	779
UBE3A	0.316298976904844	840
FNBP4	0.31629128126180955	874
DISC1	0.31628916210934344	718
ID2	0.31614409617624123	741
SCAMP2	0.31586456052606704	799
NPEPPS	0.31582889421029164	775
MEF2C	0.31582503783873705	782
XRN1	0.31573693781398626	825
APOL2	0.31561919897231316	752
TBL1XR1	0.3153500571135087	741
DHX9	0.3152669804578542	778
CASP8	0.3151952460847829	853
FRG2C	0.3151298689615423	682
FAM104B	0.3151173064864841	724
MEF2D	0.3149293264226541	708
PPM1A	0.3149017355807896	797
NAB1	0.3148845458038807	739
COL5A1	0.31450106243564524	579
ANXA5	0.3144870953111478	743
PTTG1IP	0.31448145852558446	790
INPP5B	0.3144455292323712	851
PSPC1	0.3144409259844367	849
CHPF	0.314337165129046	794
ATP6V1B2	0.3142629504712509	777
MXD4	0.31411231584834226	791
COL4A2	0.3140043648033059	603
IRF7	0.31397947612220045	752
POTEM	0.3138662420001723	673
PLEKHF2	0.31377192806520604	822
SART3	0.313761164694352	786
SRRM1	0.3136170643968581	824
ANKZF1	0.31361273348932056	836
PTGES2	0.3135153566773662	818
TOMM20	0.3134379390189675	743
DBNL	0.313377496948312	871
AIMP1	0.3133671308182172	811
ACAA1	0.3131830777599707	800
CCNQ	0.3131322477629238	718
IFNGR2	0.3131281896622928	787
CD28	0.3130329078757803	592
ZMAT2	0.3126315462816835	761
TBC1D2B	0.31261197754874515	733
RHOC	0.3126049876978584	716
CEBPB	0.31225127259526025	743
CCND2	0.31221228603376244	595
SRRT	0.3116783894378282	779
MME	0.311629474742093	614
FGD2	0.31160916583505743	791
S100PBP	0.3116023197400875	812
IRF1	0.31145616078470983	727
ACSS1	0.31140353586535474	840
TYK2	0.31139449131252184	879
INTS8	0.3113512453224125	783
SLBP	0.3112434058137895	714
ZC3H15	0.31111774715052226	796
BCAR1	0.3110417519458059	738
SPEN	0.3110345065842929	788
LRRN1	0.31098436389773443	656
PGPEP1	0.3109525710092802	777
NXF1	0.3109525426358578	827
ANKRD10	0.3106733799579041	853
DCTN1	0.31054254777955675	761
SLC7A6	0.31048187785531345	777
SELL	0.3104342285251739	781
KANSL1	0.31037609222667917	839
EXD3	0.3100440453160829	678
COX14	0.3098698230410817	709
DAP	0.3098661190811765	719
ABRACL	0.3097961450524796	797
ACTN4	0.30947089061929656	771
SEC23B	0.3093381601601234	771
TNKS	0.30916187817793717	779
RASSF6	0.3091461911938505	653
HSP90AB1	0.3091335515946888	648
DYNLL2	0.3088376614955524	727
PELI1	0.30873022165863134	605
CFD	0.30867819167037874	686
ATP6V0E1	0.3086595780135778	671
ANK1	0.30861011007805295	764
STIM1	0.3085723822686139	815
NENF	0.30855220344192535	683
PON2	0.30830847817535795	784
CCL4	0.3082775743698169	522
TIMM10B	0.30821100463009665	845
WHRN	0.30797561253374295	746
MRS2	0.30791520485178814	781
USP25	0.30774510676367917	768
IKZF3	0.30771407125044914	770
PRKCB	0.30750508920243347	814
ATP5F1D	0.30744213093642536	753
H1F0	0.30742969519497565	841
CCDC12	0.30726046419885045	775
FXYD6	0.30715788106921355	748
FUT4	0.30714272587841446	768
MAST4	0.30693201778573637	796
TLK1	0.30684742754687183	782
IGFLR1	0.3068217626585331	721
PHF3	0.3067475890062263	774
DENND4A	0.306743459578205	766
ZYX	0.30664114609455145	728
PPP1R12C	0.3066070965003497	801
HNRNPDL	0.30655863378838255	785
THAP12	0.30651386315626783	757
ZMYND8	0.30649694883648126	817
TIAL1	0.30641476964275244	812
ECE1	0.30638224889790555	764
KAT6A	0.3063787986999786	824
EXOSC6	0.3063024847374931	764
SEM1	0.30619992673849267	713
SNX14	0.3061247292825183	743
TERF2IP	0.3060557410618804	762
RHOT2	0.3060333808132479	795
ENSA	0.3059510085936859	757
IFNGR1	0.30578281044626676	706
EPM2AIP1	0.3057790464609001	809
CREBRF	0.3054427777155688	772
EFCAB14	0.3054340049073256	727
CHD7	0.30521467905805294	794
CMTM3	0.3051479952707806	709
TM2D3	0.30498460208079753	739
TAX1BP1	0.30495431086089664	769
STAT6	0.3049506103593975	740
CERCAM	0.30489552822987415	765
RUNX1	0.3046409558276578	718
MFAP3L	0.3044899450143618	667
DDX46	0.30437028409876016	769
SORT1	0.30420135165308126	637
CCDC88B	0.30419932553228607	796
GATAD2B	0.30407575130476033	791
PSMD3	0.30405825013396487	783
KIAA0100	0.3039739670073046	808
KLHDC2	0.303902455242911	776
SCAF1	0.3037792621365222	768
YAF2	0.30370501005314454	777
KMT2D	0.30367595325247587	766
WIZ	0.3036455691130407	787
ZNF358	0.3036279578187423	775
INF2	0.3034907026470158	747
EPB41	0.30347471490866973	768
TNK2	0.3034410518906948	834
AP1B1	0.3034283335726003	795
AK4	0.30338705408964917	637
KCNH2	0.3032273387280321	764
TIMM13	0.3028984557877567	755
MAP3K5	0.3028276181130921	659
TRIM36	0.30278644410117195	691
BAZ2B	0.302772556109534	814
CUL1	0.3025154750930944	715
FAM126A	0.3024800596702916	664
AGO3	0.30237081025997664	704
FBH1	0.30235983104859243	838
ATOX1	0.3023499213220922	683
CCNL1	0.30221826055265405	770
USP6NL	0.3022043577378166	804
PIEZO1	0.3021482825127823	701
PURB	0.301939092027629	744
TMEM250	0.3019272916409549	710
CLPTM1	0.3018921808764837	710
PLEC	0.3017536293342905	726
KMT5B	0.30170575248589243	794
SLC44A2	0.3016398273910583	750
NCBP2	0.30158043865783546	808
TRAPPC9	0.3015494933403739	779
PARVG	0.30146745808346714	746
EMC10	0.30138382569875477	741
MLLT6	0.3009897602478739	788
MLLT3	0.3009755241460066	760
MTLN	0.30094541768551136	718
SLF2	0.300903786693389	793
SCAND1	0.3008566730395203	759
MOCS2	0.3008378109134319	678
NCOR2	0.30083248205834695	788
SSRP1	0.3007882047826595	727
OTUD5	0.30077743468045504	764
EXOC4	0.30071559460629854	835
TXNDC15	0.30065864588773916	708
DDRGK1	0.3004274950776837	757
CCDC124	0.30032871709658354	756
CD24	0.30006510171887024	728
NUCKS1	0.30003726958874755	670
PCNX4	0.3000286320615047	729
C2orf68	0.3000005579057755	831
KLHL5	0.299979929354685	703
BASP1	0.29996438623610494	655
AFF1	0.29995276109916214	745
AMPD1	0.29992794972997466	676
SIL1	0.2998794705970428	788
PSENEN	0.2998481151871641	748
HP1BP3	0.2996504855758921	787
MAP3K1	0.2995863231252682	776
OAZ2	0.2995796184376382	747
STX2	0.2994678505144133	684
DCAF7	0.29946688806297794	737
CTDNEP1	0.29928833915837316	745
RBM26	0.29926513777063596	773
NARF	0.29924365758846105	796
ATP6V1A	0.2991775320063813	784
KXD1	0.2991388396293744	749
SELENOK	0.2990916845516177	745
DHFR	0.29903903073596055	730
STK11	0.2990131565560712	772
TMEM147	0.2989915924593979	661
KRT8	0.2989751301258997	719
OPTN	0.29893129702963683	670
ENO1	0.2989247555620363	712
UBB	0.2988312186812806	609
NNMT	0.2987990489399745	624
ATXN7L1	0.29874546001888913	717
BMI1	0.2986500218739249	773
CAND1	0.29864994323926725	734
ASNSD1	0.29856718837339463	746
CUL4A	0.29850703674825657	759
MIER1	0.29834099209038994	755
MAPK1	0.29827871440061776	729
RBM39	0.29823699059753717	804
ATXN7L3B	0.2979762703800073	747
PHC3	0.2977768257681138	787
ATM	0.29776156366433293	844
POLDIP2	0.2975525846864794	761
SUCO	0.2974464259720798	731
PPP3CC	0.2974357620345197	822
DLG2	0.2973794177011851	723
SPPL2B	0.29734785443969525	804
ZSCAN2	0.2972057925717703	706
RAVER1	0.29720139054479716	774
USP3	0.2972007389775522	808
RBM43	0.29715859722377946	724
CLK3	0.2971110264914626	743
INPP4A	0.2970986846529415	775
PIKFYVE	0.2968728381608934	788
PGD	0.2967561020925092	702
TRAK2	0.29664366664915126	697
TTC14	0.2966411897341207	772
NCSTN	0.2964833446461313	743
GBGT1	0.2963360514221524	699
CENPM	0.29623306836806984	792
HDAC7	0.296197288930787	837
PRPF39	0.29618630535120233	732
ECHS1	0.29615949923256224	725
AKAP17A	0.29609669330129545	872
STARD3	0.29606360518018254	812
PPP6R2	0.2960461125417142	789
JDP2	0.29601440793752426	715
C1QC	0.2959713269882745	619
POLR2E	0.2956964281888717	719
CPNE5	0.2956814746471197	781
FNIP1	0.2956168476502766	736
FAM207A	0.2955210706412107	702
TMEM219	0.29549673604113597	724
RGS13	0.2954570667703868	513
ADAM10	0.29536273126663426	737
NUDT21	0.2953440575083995	746
RAP1A	0.2952186787643843	692
PACS1	0.29517131093614923	634
GOPC	0.29510245707106647	756
AZGP1	0.2950412376738124	511
PLCG2	0.29496056965128536	699
UGCG	0.29485155647856576	790
TRAPPC4	0.29479390131249683	794
SLA	0.2946364622821281	711
DAPK1	0.29458391079682783	728
DUS1L	0.2943462895193828	770
DYM	0.2942552910682369	796
NOP16	0.2940928693540652	758
PLEKHJ1	0.29401787062237594	726
STX10	0.2938802872871907	728
TIMP3	0.293639560600001	586
TERF1	0.2936258561299882	664
SUDS3	0.29361500679987435	752
ADORA1	0.29347929322794913	636
CAB39	0.2933885759077908	634
SLC25A16	0.29322780139299076	737
MSRA	0.29316817991490157	831
SENP6	0.29313650047435347	745
GMFG	0.2929081140728612	647
RALGPS2	0.29280957971499155	673
IMPAD1	0.2927829472080301	695
NLRP1	0.29269499330411247	774
CNPY3	0.2924986958892315	735
TUBA4A	0.2923469629776475	817
TMEM165	0.29230278112488045	672
LARS	0.2922545244427828	773
QARS	0.2921132534274186	789
LRCH4	0.29199910310187327	774
USP32	0.29190435063460873	805
RRM2	0.29188194174002285	687
ATP6V0B	0.29188170723282386	706
ZNF263	0.29183344914695575	749
POGK	0.2918169485099454	698
UBTF	0.2917745340263157	779
DLG1	0.2917363938743327	753
GBA2	0.2917248569518896	805
WDR20	0.2916476975064573	746
ZNF638	0.29158714743878544	785
PRPF4B	0.29149435983618743	792
FNBP1	0.29140217574181315	747
PHF20L1	0.29136730687849804	809
ZNF544	0.2913651928002968	754
DTNA	0.2913537181160599	636
NDFIP1	0.2912728957400677	700
PNRC2	0.29108982138312944	795
RNF103	0.2910652661811962	731
PLEKHM2	0.29097870186982944	683
MPHOSPH8	0.29088573166544357	750
ARMC8	0.2908554128590016	794
CNST	0.2907829144672062	691
AZIN1	0.29074754520999124	743
ACTR1A	0.29071440057183257	704
TRAK1	0.2906638420444583	725
NSMCE4A	0.2906206699543316	772
RNF213	0.29038742503285253	746
DNAJA2	0.29032172896943426	743
JMJD1C	0.2902649728971401	804
TPR	0.29021420597675557	761
PPCS	0.29017947914346676	714
GLUD1	0.29011583127290475	697
VASP	0.29002586816380693	741
MAP3K11	0.2899360331054686	759
TMF1	0.2896476789285761	789
RC3H2	0.28964092112832784	780
CYBB	0.2895735736992142	831
ANAPC2	0.28949912919750304	806
CISD2	0.28942483888383597	722
RNF126	0.2894207882417016	702
HSPA5	0.2893910670997132	602
COPB2	0.28933428121981725	787
NMNAT3	0.2890791715847249	686
EXT1	0.28905122732192956	704
NHLRC2	0.28894764193210715	707
MBD4	0.28893377312843926	777
ACIN1	0.2889185118889581	737
RCOR3	0.2889010730223622	728
KPNA1	0.2888700921509279	725
ZFAND3	0.28879248612469466	735
GUCD1	0.2887726920456542	701
CYC1	0.2887047657424145	743
YPEL5	0.2886562683377593	738
UQCR10	0.2886270651200073	742
SELENOM	0.2885212387473842	713
SEPTIN7	0.28848654905420523	636
GSAP	0.2884563694266059	714
DDX39A	0.2884105708261109	758
PMP22	0.28840068014208975	637
COL4A1	0.28837896081220993	568
DCTN3	0.2883556079457648	691
ZFR	0.28830995569381707	676
ETV6	0.2882310644320039	643
MTG1	0.2881311401968591	793
AGGF1	0.2881154998757581	757
ESYT2	0.28799238503434627	693
LRRC59	0.2878965340004729	746
KDM5C	0.28787048222338735	796
SMPD4	0.28784127923983605	794
VMP1	0.2877108138268784	640
DYRK1A	0.2877103618095404	726
TRMT1	0.28769978448488587	780
ZNF316	0.28768164074472913	770
AP4B1	0.2876401285261614	750
GFOD1	0.287613422158368	720
WDFY2	0.28732334671529924	746
SRCAP	0.2872873054151361	760
RCL1	0.28715209663700386	720
ELAC2	0.2870315986674371	707
CORO1C	0.2870233911408108	696
EXOSC3	0.2869448354340488	712
ZBTB1	0.2867304337336262	724
NRBP1	0.2866416128690102	710
MYEF2	0.2865931401942198	671
PAXX	0.2864924816804977	766
ECPAS	0.2864133702199411	748
KDM7A	0.2863263365554938	668
NPHP3	0.28628945459484134	773
STX7	0.2862434530095052	734
ALKBH5	0.28613873468986023	716
SYMPK	0.2861358729811163	767
ZBTB16	0.2860074515948402	791
JAK2	0.28592439907179307	736
ODF3B	0.2859033802729234	654
LMNB2	0.2858546454677313	666
TMEM170A	0.2856882204270211	723
SECISBP2	0.28568738602776583	770
MTA1	0.2856530201080875	782
PFDN2	0.2855177864721169	674
RB1CC1	0.2853933484988129	753
PEX13	0.2853415173243828	717
FAM219B	0.28523282745265977	698
OGDH	0.2852102401173313	763
GNAI2	0.2850665204078528	628
HAUS3	0.28495388389822085	750
WDR6	0.28486039291931486	810
IFI27L2	0.284720734704043	565
LEPR	0.28465061323571905	684
CARMIL1	0.28453633764762454	756
ATP6V1E1	0.2843953838515552	704
LONP2	0.2843610877154435	737
MPDU1	0.284314986097554	734
TENT4A	0.28431081156153876	751
PPOX	0.2842845531153128	747
MYD88	0.2842640453341923	700
UMAD1	0.2841478112802112	741
REPIN1	0.2840778824563306	704
ORMDL3	0.28403931084658735	730
NDUFB10	0.2839542117397464	714
CSTF2T	0.283951429879519	750
TSN	0.2839333609838635	732
CRLF3	0.2838989516608924	767
PIP5K1A	0.2838065222894131	723
BMPR1A	0.28367684618786343	653
LMO2	0.2832888727496178	692
PFN2	0.28321881908794533	662
ARPC5L	0.2830581709722624	784
ARF5	0.2830513980138686	648
CDIPT	0.28299969062652086	715
GIT2	0.2829165070823597	747
SIAH2	0.2829083913560718	695
ARF1	0.2826099050197801	683
STUB1	0.2825919645147611	709
ATP5PD	0.2823991803049148	703
PLEKHA5	0.2823553092795744	592
TLN1	0.2822295440917472	740
P4HA1	0.2822253071343336	750
PPHLN1	0.2818305226538357	704
PSMC2	0.2817305299957738	610
SHOC2	0.2816826867406281	701
OARD1	0.28154495174770433	743
SLC1A4	0.28152998741030766	679
FBXO9	0.28144143830195834	742
BCL2L11	0.281431803617398	732
TMEM208	0.28138235386309096	651
RASA2	0.2812343103512906	794
FH	0.2810185350439492	693
CD55	0.28097640870148904	624
PYURF	0.28093699816150774	687
ORAI2	0.28071318363441256	704
NEK7	0.2807126105787513	682
JADE1	0.280696249069355	721
SDR39U1	0.28066356072983734	784
FERMT3	0.28053696094396385	731
FAM32A	0.28051327148076693	674
RAB5IF	0.28050173018036983	680
SYK	0.28042300745955395	713
SELPLG	0.28039039036284413	564
ALDH3A2	0.2803768007940507	713
PRPF6	0.28021164016796407	763
NEDD9	0.28014358953549046	689
BPGM	0.28006893352283485	656
FBXL3	0.2799667608988672	757
BET1	0.2798549040770822	636
STAU1	0.27980614493254524	774
TOR1AIP2	0.2797741952713528	726
IGHA2	0.2797662403579898	424
ERCC1	0.27973324303829783	753
BRD3OS	0.279640794449811	649
KIAA0930	0.27959322117759516	714
NNT	0.27957150618523174	713
PSMC5	0.27956819315994264	753
RIC1	0.2795334866642014	779
NUP42	0.27946844894019207	671
SLC25A36	0.27944440466043774	711
ERAP1	0.27937961468978223	652
RBM17	0.2793295697600526	716
RIC3	0.27926827217262284	694
PARP14	0.27921978522865154	728
CLIC1	0.27915316868277334	658
CRLS1	0.27907558812919075	697
PYGB	0.2790176363770176	681
ARMC2	0.2789839548001124	656
AK9	0.27895368840642104	677
TNPO3	0.2789362009647619	705
EIF4E3	0.27883773090274855	707
STK24	0.27883102720517744	787
KLC1	0.2788058285808836	703
SAPCD2	0.27873248177959753	662
NUP85	0.2785629922955694	707
AGFG1	0.27842289315177843	737
RC3H1	0.27840965886781943	738
CAV2	0.27836595139910236	616
ANKRD13D	0.2783558262771403	742
SH2B1	0.2782810980622566	741
TRAM2	0.2782254754420294	709
STAT2	0.2781865370519555	728
TRIM64B	0.27810379232765475	680
DHRS7	0.2779369910483895	658
TMX1	0.27790091468618333	597
VMA21	0.2778890643922184	712
EGFL7	0.2778866885759051	646
S100A11	0.27787204676560967	588
MINK1	0.27785429650050764	713
ZCCHC3	0.2778386169200632	749
SLAMF1	0.27783602977967864	560
LRRK1	0.2777981609519814	765
CCDC32	0.27778531380975874	668
TYMS	0.2777836180845254	628
HSPA6	0.2777776732017577	651
RAB3IP	0.2777547130306613	694
YIPF3	0.2776579904768586	684
SPNS1	0.2776473091624623	711
CHKB	0.27757719933235336	775
ANK3	0.277574636881079	700
EXOC3	0.2775333079196023	726
SLMAP	0.27751454749306637	730
RBCK1	0.27750888078142255	701
PALM2-AKAP2	0.2774258994886853	726
SAMD1	0.2774110461888285	748
TPD52L2	0.2773119971470088	736
LARP4	0.2770408861382908	746
RASSF5	0.2770121729256716	635
OAS2	0.27696073882389	681
FAM13A	0.27686516293300534	749
PDHB	0.2768181496007928	691
AQP1	0.2767972348116379	614
MAPK6	0.27673387749711953	664
HMOX1	0.2766746404694885	582
UQCRC1	0.27667211999266883	701
YWHAE	0.27663754328545986	674
NLRC5	0.2765429839692537	675
TRIM22	0.27644174994415915	657
GEMIN7	0.2763705622885641	775
BABAM1	0.2763176226895621	702
AKAP7	0.27622314655518637	652
ANKRD12	0.2761656855611838	660
CLEC2D	0.276089242286382	706
NSA2	0.27606832036241474	754
LGALS3BP	0.27604424716241677	694
ERCC6L2	0.27600102688595046	732
FGD4	0.2759535733620208	658
ALDH2	0.2759307754028832	651
CBFB	0.2758779775358407	671
PRKAA1	0.27585353252667666	723
CNPY2	0.27570535970232724	695
NMRK1	0.2756455592551445	645
TRAF4	0.27547600371203856	643
DENND1A	0.2754662193493026	679
NLK	0.2754192895977889	797
SMIM27	0.2754091856431791	623
PDPR	0.2753831341422344	699
RAB1B	0.2753800284685181	745
BTN3A1	0.27533006988227204	711
UVSSA	0.2752939147079437	742
IRF2	0.27527805928512133	639
LSM4	0.2752678453550129	723
ARID1B	0.27525775296918453	703
PBX1	0.27525761772215973	513
ICAM3	0.2752247638154376	633
TUBGCP6	0.2751740922920416	777
CLTB	0.2750716110691053	665
CPOX	0.2749929469257083	669
TTLL5	0.2749679587709262	720
NDUFB8	0.2749012634427812	698
TIFA	0.27487123739617847	649
RAB4A	0.27469575885066483	590
LSM10	0.2745382347469305	662
SEC23A	0.2741234642033047	690
MTMR3	0.2741096464617532	713
SUCLG1	0.2740722945078139	704
ZNF141	0.27405510936606736	717
RNF44	0.27402338678067656	712
GTPBP6	0.2740071822509194	784
GCHFR	0.2739967668876604	704
TNC	0.2739962808359618	551
VCPKMT	0.27385597061528777	658
UBXN6	0.27382223565884983	699
CAPZB	0.27375752748883314	661
CDKN1A	0.27362107047959244	446
CTBS	0.2735008597262809	620
ATG2B	0.2734846921267393	693
TNFRSF13B	0.27345060797219517	657
SEC61B	0.27327953923384984	626
C16orf72	0.27308123675776896	728
USP17L1	0.2730537063267131	590
CHMP1B	0.27302426950799624	774
CALCOCO1	0.2729643968672109	737
LRMP	0.27293308348117284	700
MYO6	0.27292560964406193	687
RAB34	0.272897668625268	615
SOCS3	0.27284439450593323	546
ATP6V0A2	0.27282923202419307	725
ATF4	0.27282282326453833	681
FBXO46	0.2727498375165416	761
ZC3HAV1	0.2727143110214581	706
UBE3C	0.27271324554040155	675
ACAT1	0.27263507165268774	725
MAN2A2	0.2726236199647168	732
B4GALT3	0.2726051400195437	692
IGFBP5	0.2725752068813843	575
KCTD20	0.2725618175677688	684
PRKD2	0.27254604573932717	744
PXN	0.27252968466210675	683
METTL26	0.27236402853423575	675
DDB1	0.27228020606596753	670
GRK4	0.27225270093867077	627
TSC22D4	0.2721614794544453	626
GIGYF2	0.2721344524934952	732
LSM7	0.2720996777340147	708
CLK4	0.272037197783703	763
SATB1	0.2718880724369943	678
SUPT5H	0.271830074822525	722
ALG13	0.27178773825817065	717
SNRPB	0.2717235835494355	679
LRP10	0.2717006881514993	593
RNPC3	0.2716570757041956	721
ELF1	0.27158713398516576	728
ORMDL1	0.2715184558737592	734
COX8A	0.271508553056117	706
ARMCX3	0.2714822223315227	716
NFE2L2	0.2714095089949787	668
PPP1R10	0.2713824781803852	723
SRP68	0.2712865999559032	687
PRXL2A	0.27122847903151603	604
BOLA1	0.27119160890425237	669
VOPP1	0.27112220137281795	566
NDUFA9	0.27104505686019376	629
TSPAN4	0.27092600047277154	605
BRI3BP	0.27086672153148494	697
HIST2H2BE	0.2708483139447778	546
REXO1	0.2708257307980969	675
DNAJC3	0.27076020247475663	639
TRAPPC5	0.270748705293016	699
LRRC47	0.2707318473422572	714
FLT1	0.27071914067414055	705
ATP9B	0.2706776255243241	716
SON	0.27062300240378756	693
RAB5B	0.2705651894612796	723
ALG5	0.2704985575874698	698
PCF11	0.27047286968113	780
C1QA	0.2704407205843139	611
IKBKG	0.2704227717024534	751
OPA3	0.2703175473147488	641
CDC16	0.2703044161167572	755
IQSEC1	0.2702591022144116	730
SPIN1	0.2702360642505773	667
CBX3	0.270220231271607	664
LAMA4	0.27017137277752196	617
NUSAP1	0.27015062804948137	700
MED23	0.2701224302122817	697
TTC37	0.27004041688596675	698
NF2	0.2700133286712121	698
STARD13	0.26992902388171425	661
BTBD7	0.2699284247978917	685
CRTC2	0.2699017926230363	684
SF3B3	0.26988157252792544	721
RASGRP3	0.2698345602730348	527
NUP160	0.2698038332236948	704
MAP4K4	0.269716815195802	703
TXNRD1	0.26967633844329647	656
MBP	0.26967309682090074	659
BIRC5	0.2696565095625724	645
TMEM33	0.26953609062615275	668
HSPE1	0.26952839690095026	618
TMEM214	0.26950502617008476	731
SPTSSA	0.26945655684079506	641
GP1BB	0.2692435863453806	575
UPF3A	0.2692368323570451	629
PGRMC2	0.26918535302560465	702
SAMHD1	0.26914756613175955	652
PUM2	0.2691169788939664	717
ANKRD28	0.2690174721472638	706
CHD9	0.26895488449336385	685
DHX36	0.2688711776914777	697
IRF8	0.2688632374894581	635
MYH9	0.2688544547803381	638
COG5	0.2687838631422069	726
ATF3	0.2687070091117511	470
TMEM245	0.2686049046964782	730
PPP1R8	0.26853849781258077	612
NRG1	0.268528240340761	637
TRIM25	0.26852204142480435	725
KAT6B	0.2684265757654407	732
PRKAB1	0.2684004080250631	717
TACC3	0.268385532682666	688
UBR2	0.26837094493842684	692
PPT1	0.268350174964577	575
PHIP	0.26834881416329537	667
GPRC5D	0.2682892512552332	481
PDZD8	0.26821354494926525	622
ANKLE2	0.26817430013705434	717
MORF4L1	0.268171455140433	560
DNMT3A	0.26805919474315454	673
ARMC6	0.26805530873346456	633
SMIM26	0.2680394072387471	679
DNAJC21	0.2679847362314047	696
USP40	0.26797208831301034	673
NAT14	0.26796906705781315	661
ADK	0.2678901327236469	667
ASAH1	0.26786383721350093	676
TMEM168	0.26779364769584835	700
NDUFB9	0.26771280386374235	742
TES	0.267708775697736	677
SKIL	0.26769913675191703	708
SPTAN1	0.26757891026441405	660
STRN3	0.2675263451723757	669
ZBTB44	0.26740087276248314	710
PSMA7	0.2673763850992559	652
PLEKHO2	0.2673375409483775	672
NCOA7	0.2673257460885288	725
DEXI	0.26727211235211484	646
RNF168	0.26715198794737816	713
MAPK1IP1L	0.2671329747663245	681
CCL5	0.26688667178812203	637
TRIO	0.2668352888882483	618
RCN3	0.26683092879642123	603
TOX4	0.2667962855981584	672
ZNF175	0.2667796268526802	726
SH3GLB1	0.26675285421116374	623
ARL2BP	0.26673785803049915	672
ACTG1	0.26670534249742917	671
ELK4	0.26658830324960375	638
PIGH	0.2665474983545175	662
NRGN	0.26649436499855483	529
VPS53	0.266438223281963	710
PDCD6IP	0.26643759766408354	682
PML	0.2664027182108403	671
ISG15	0.26635041164213874	545
FAM90A26	0.266317150052667	545
PHF1	0.26631608283400837	727
CPNE3	0.26612566044959796	675
ACAP3	0.26593559208281836	694
TLE5	0.265931600886906	662
FAM111A	0.265908084235807	726
PRAMEF11	0.2658419863395217	544
VEGFB	0.2658400313659549	664
ZNF24	0.26580984402904967	714
GOLGA8O	0.26575941549176424	632
ID3	0.2657421020965128	612
NDUFB2	0.26566887469636774	534
CRKL	0.26563122591464666	655
RPTOR	0.26560626594423764	671
DYNLT1	0.2655514340870935	624
POLG2	0.26554041579505144	768
BMP8B	0.26552843273154814	530
CADPS	0.26540699157312364	582
AAMP	0.2653882262506063	749
SCPEP1	0.2653591945821895	624
DPM3	0.265350293569909	636
ASF1B	0.2653418768445118	606
MCTP2	0.2652347317760531	775
MYL9	0.265187452787412	580
MED22	0.2651771195899487	690
DAD1	0.2651445386349278	575
GLRX5	0.26512732047572524	690
LRRFIP2	0.26509069484473186	657
KCTD9	0.26501325086352684	683
ERO1B	0.2649130715242435	648
INTS6	0.2648523507898194	675
DEDD2	0.2647914288909517	664
SHMT1	0.26478916347098336	652
SYNGR1	0.26475145901186015	700
WASHC4	0.26470914724977207	664
APOL3	0.26465932307709944	547
APIP	0.2645544480608675	691
DUSP11	0.2645532832615607	655
ESYT1	0.26447200752884004	636
GBA	0.26442873042876736	680
FCRLA	0.2643851931334439	584
HSPA1B	0.26435373853219263	570
ASB8	0.26434178697806016	663
PWWP2B	0.26428476259403866	656
SLC12A6	0.2641660400978588	682
ZNF800	0.2641277645044804	636
IGHG3	0.26384177106573625	528
SLC35A4	0.2636965742317863	692
PPP6R1	0.2636393537240429	756
RNGTT	0.26361387491283544	690
ALAD	0.2635979206518104	714
APOL1	0.2635268631329474	578
AQP3	0.26352674576187535	662
SEC61A1	0.26352125797786985	691
HEXB	0.26352080794879257	571
TRMT112	0.26347300297022097	650
ATP2C1	0.2634567809556338	610
AFF4	0.2633411873617125	705
ZNF771	0.2632666087584809	629
DDHD1	0.2632354185560479	693
BRD4	0.2632098563646602	750
ARSA	0.2632090879941815	680
MANEA	0.263173325921592	571
LAPTM4A	0.2631486222602066	575
PLXNB2	0.2631019839162978	638
RTF2	0.2630798013419967	675
TBCEL	0.26299355426932314	715
KIDINS220	0.2628831995665211	664
RMND1	0.2628766155400742	657
LPAR6	0.2628659078182569	651
SUPT6H	0.2627971132467793	712
DAB2	0.2627521443481957	567
TYROBP	0.2627053579298807	600
SUPT16H	0.2626957903638685	680
TMEM19	0.2626849575726477	575
GPER1	0.26267787435637024	614
PPP4R2	0.26260328382118164	658
LNPEP	0.2625900485924527	721
ZZEF1	0.26248755282847164	726
ARPC4	0.2624368784134172	688
BNIP2	0.2624276684367481	681
SUN1	0.2624029706942148	654
TBC1D5	0.262323852501547	665
PSMD6	0.26223112430134743	683
TPRG1L	0.2621512092538793	665
LSM8	0.26209029092835395	646
C6orf226	0.26208376698156055	611
S100A13	0.26205472798666923	543
MGP	0.2620371353160898	564
PPWD1	0.2619963891628506	707
WASF2	0.26193809198448964	722
TRIM52	0.26192033062064823	781
PGGHG	0.26190634917501215	762
IFNAR2	0.26190079930077953	656
LIME1	0.26189731805218874	657
COG4	0.2618856428491611	711
TMEM14C	0.26185642983192803	663
HSF1	0.26185080065912086	711
USP9X	0.26178415421712986	699
NOTCH2	0.261770058964961	447
AFTPH	0.26173058050793924	649
VPS37A	0.2616770408268266	700
ZBTB25	0.2616382279125017	677
RPN2	0.2615710833294996	612
GIMAP2	0.26150940411657997	591
WLS	0.26149740897221957	595
USP14	0.2613721131928522	709
NUP210	0.2613175121230167	715
PDE7A	0.2612428974562208	627
PPP1R12A	0.26123905876216374	682
RO60	0.2612193241433236	656
BUD31	0.2611874038876072	621
CCS	0.2610718458048489	718
SH3BP5	0.26104905870123485	627
RMI2	0.2610234372566133	622
RNH1	0.2608823515095773	682
GAPVD1	0.2607575174358035	652
PWWP2A	0.26066901069999293	716
UNC50	0.26066857324312226	677
CHD8	0.26066372065194665	682
ITGAX	0.2604743732435219	577
PDIA4	0.26030634646985745	530
YY1	0.2602942284230638	692
CDK9	0.26027847414408145	710
PLRG1	0.26026309996550195	663
ZNF7	0.26019415463950596	645
CARHSP1	0.26014387011444157	655
ZRANB1	0.2600895154159074	668
ACO2	0.26003409815778117	682
RAB10	0.260033382865778	671
ABCA5	0.2599593329026506	620
AIG1	0.2599543334090532	653
ABCC5	0.2599298916023311	640
REST	0.259894808828825	678
RNF5	0.2598735622052621	634
PPARG	0.25986269870994655	627
OLFM4	0.2598343475166232	628
COA4	0.2597625456791417	664
C21orf91	0.2597290491918135	567
ALG14	0.25967411750122243	661
TMUB1	0.25959711860349377	675
IP6K2	0.2595063471933065	696
DVL3	0.2594121289626962	676
PI4KB	0.25940671448456554	659
RCC2	0.25939914915466095	653
MGME1	0.2593635802923107	663
GNS	0.2592739369283105	641
YIF1A	0.25925403638593825	655
COPS9	0.25920130324490986	575
MARCH2	0.25917865168398635	640
TSPAN13	0.25917842813581277	693
TMEM203	0.25904968870505307	650
FNDC3A	0.2590369141226852	713
PIGO	0.25896473986434987	661
LMO3	0.25892162166035654	598
POLD4	0.25888306682120493	656
CCN2	0.25881251468465094	619
SH3GL1	0.2587918526384834	661
SNX17	0.258790971352422	681
GRK6	0.25877622361971875	772
SNRPC	0.25874111717854753	635
MORC3	0.25865978490009706	672
UBA5	0.25865490987214096	673
ACAP2	0.2585732704596901	670
DARS	0.2585677097669447	626
NCL	0.25851811354038656	678
LPXN	0.25850710436065943	661
GFI1	0.258506487680761	626
MPP1	0.258485717915403	623
PLOD3	0.2584148060486955	604
DDAH2	0.25834071097058586	614
PLEKHA2	0.2582980295478988	692
TMEM167A	0.2582830936273286	625
BPTF	0.25825545797867633	720
PREB	0.2582427627612475	715
SGK3	0.2582242332246676	664
TADA2B	0.25818654101592275	686
MAP3K13	0.2581136810653187	636
NCOA4	0.2581047812553843	661
PPP4C	0.2580585342188447	709
RRNAD1	0.2580538384503153	615
ZNF765	0.2579099090439554	618
ACAP1	0.25783977206087577	643
SLC35F5	0.2577324238317992	668
RNF181	0.2576762272943639	701
PLXDC2	0.2576528087497097	682
TRA2B	0.2576473301091207	694
HEATR5B	0.25758805639449034	660
CTTN	0.2575530447449072	682
LZTFL1	0.257495873568219	488
GNG7	0.2573581313001799	654
GBF1	0.2572955305932442	653
PCSK7	0.2571682847022948	763
SCYL1	0.25715989698171526	692
RFLNB	0.2570926503747542	589
INPP5F	0.25702457036510634	607
ARL4C	0.2569802409176556	564
LGALS3	0.2569591213346412	592
PHRF1	0.2569461574266176	683
DPYSL2	0.2569387605092789	532
GMPPB	0.2569280393624191	704
MIA3	0.2568536254036691	670
TMEM234	0.2568489429885284	598
MEF2A	0.2568456450355988	677
COPS6	0.2568447791541422	566
KLF1	0.2567782113630777	635
TOMM5	0.25674023391344636	714
SH3BGRL	0.2567372630778895	545
APPL1	0.25671712771586314	632
TMEM173	0.2567144375964399	627
ERICH1	0.25667557189762474	700
CMIP	0.256661132060659	610
UBE2L6	0.2566285502162601	613
HIST1H2BG	0.2565283791058547	671
GTF2A1	0.25652571146432024	657
TSHR	0.2564897751449374	563
TMCC2	0.2564186025261799	674
YWHAG	0.2564052062259862	607
PDCL3	0.2563937398357422	642
ARFIP2	0.25627253986950493	730
SPATA33	0.256262393728149	646
RNFT1	0.2562080270088438	610
RAPGEF1	0.2562035285790729	701
PTPRS	0.2561603338756653	575
RAB21	0.2560601378036459	648
PBXIP1	0.2559765369167835	628
S1PR3	0.2559702469444282	580
FASTK	0.2559354195950795	645
GNG10	0.25591666737888535	618
SEMA4A	0.25589789584070327	578
NSFL1C	0.2558141586347197	633
HTATIP2	0.2557950590066839	630
TNFRSF14	0.2557470403937565	647
RETREG2	0.255734092641983	594
PLPP1	0.2556497450564344	551
FTCDNL1	0.25550044853941734	582
CREB1	0.25541689274977986	656
TMC6	0.25535951537638524	613
PARM1	0.2553413803205633	627
ARID1A	0.2553324138210558	699
PARP8	0.2553155196957926	669
CCL3	0.2553070696698433	341
RUFY1	0.25524759967704347	680
TFCP2	0.2552028354982732	686
STX6	0.25516584670371545	669
ADAM15	0.25509764836453064	709
DIP2A	0.2550131403205488	694
GIGYF1	0.2549948811506367	723
MYEOV	0.25494541778292995	674
CALM3	0.2549348183202689	652
EIF3G	0.25484960559163217	665
SIDT2	0.2548409219151345	609
USO1	0.254839955016499	654
UFM1	0.25483812080648843	652
MAPK8IP3	0.25470483227673074	755
SPSB3	0.25452646668073303	698
SUSD6	0.2545103341824428	676
EIF4E2	0.25449156070704637	574
IFNAR1	0.2544189960443464	634
SETD1B	0.2543007598042138	697
WIPI2	0.25428550889465257	732
ZNF317	0.2542571632479174	671
FLCN	0.2542468667183972	667
CTSA	0.2542380054364275	593
GTPBP2	0.25417538563671993	690
TRIM56	0.25417434091984015	668
SBNO2	0.2541612787821614	661
PPP4R3B	0.2540982130713272	672
DOT1L	0.25404311401254914	671
IVNS1ABP	0.25403999743247463	666
SLC2A4RG	0.25390633787693295	658
MTREX	0.2538422393665291	623
MARCH6	0.2538059101868873	702
SRSF9	0.25373116908077004	655
MLF2	0.2537060485418256	636
ARHGAP30	0.2536834101778779	573
MEAF6	0.2536408494287006	650
CDK13	0.2535592691088996	646
GTF3C3	0.25348333043489524	676
KNTC1	0.253377119179878	687
NOP56	0.25335193716844134	662
TATDN2	0.2531745896120673	671
ST3GAL3	0.2531392087064998	633
STX3	0.2531342438823555	652
BORCS8	0.253095952941924	649
UBE2O	0.2530772343082441	699
THRAP3	0.25306226346895133	730
ZDHHC20	0.2530553667838533	636
KHNYN	0.25302117868804075	676
ATF6	0.25300900349951594	643
BAK1	0.25293543675107844	600
SPG21	0.2528708919737757	658
PHYKPL	0.25282465064110843	719
PLTP	0.25277003008591287	579
INSIG2	0.2527296983774395	569
ALAS2	0.25270331040423044	588
CD27	0.2526719279504234	605
PYM1	0.25265344984589116	738
EIF4A2	0.2526485875329946	705
RNF138	0.2526200118489906	638
COMT	0.25261724001068203	612
HNRNPC	0.25256659261476555	640
PPM1L	0.2525245551689173	558
ID1	0.2525100206315237	591
HOOK3	0.2524885019074446	581
GCN1	0.252325637806604	677
FBXW5	0.25229262320286644	636
ORM1	0.25228283710409904	508
SLU7	0.2522358590012358	661
ZNHIT1	0.25223167792943685	585
DIDO1	0.2521962411173432	721
ARL14EP	0.2521362820890463	603
SERTAD2	0.2520569637064854	680
PMS1	0.2520293293715169	663
RAPGEF6	0.2519645164731151	727
SMIM30	0.2519384723738679	557
SPDYE6	0.25179065278019397	480
EIF4B	0.2517809307136563	671
MED28	0.25177671693597514	676
KHDC4	0.2517562691929799	689
WARS	0.25169056757527775	600
ZFAND2B	0.25165463243125835	665
FNTA	0.2516258598375854	686
NCAPG2	0.2515231347210159	594
PHACTR1	0.2515116771557231	622
MTMR4	0.2514733008891213	706
VASH1	0.2514447743505989	565
CDC123	0.25141010262536834	666
CYLD	0.2514034478463015	557
ING3	0.25129773044626846	615
PHAX	0.25129619158919664	650
ARMC10	0.25125947364217754	548
PEX2	0.25117889333475585	695
COPS7B	0.2511231921892724	643
ZSWIM8	0.2511214622122492	694
RAB30	0.2510911920220714	655
CASK	0.2510126873316509	645
RAPGEF5	0.2509761448738661	624
STK10	0.2509331242847161	643
FLNA	0.2509040149916733	523
DLD	0.2508929830275776	603
MYO1F	0.2508827152261793	623
SPAG9	0.2508562647879316	712
DGKZ	0.250855556490196	661
ZNF217	0.25078588870890095	684
PFAS	0.250781439706825	619
USP21	0.250653706227732	708
FICD	0.2506184759809583	611
ZNF559	0.25059900116342665	590
HSD17B4	0.25057203004984285	640
GGH	0.2505457263698786	649
CYP20A1	0.25049791135186905	630
SAXO2	0.25048660627866753	619
DECR1	0.2504079453883889	611
GPSM3	0.2504055126719266	676
BRAF	0.25037733533292283	626
TBC1D10C	0.2503588698528099	751
FLI1	0.25034260642687706	636
ALCAM	0.2503107381670681	622
PNKD	0.25024117101715143	637
FSTL1	0.2502379082586172	536
NME4	0.2502040441938654	697
SHARPIN	0.2501737174740697	690
MGAT4A	0.25015845475724036	594
EIF5B	0.2501098357049704	647
SERPINH1	0.25010623976303753	568
RXRB	0.25010553681041886	675
COX16	0.25009594227271686	601
MARK2	0.2500937043910581	657
GOLGB1	0.25006820066298147	686
KLHL24	0.24993053265156417	713
SP1	0.24986940029948798	645
FARSB	0.24962468945830066	669
ST6GALNAC6	0.24961809701765886	636
USP36	0.24952577808271642	617
EVI2A	0.24952350882358415	626
SMIM15	0.24951918959741975	636
POLR2G	0.2494755249385488	683
CYB5B	0.24944314318362926	647
ATP2A2	0.24938545939707463	609
SETD3	0.2493738678617962	656
MTO1	0.24924442973872124	682
RNF166	0.2492175255563635	669
SNRNP40	0.24919472891370098	628
U2SURP	0.24907354989639005	730
SMC1A	0.24898827763463596	657
CWF19L2	0.24892348150756563	721
SUZ12	0.24882315314964612	714
RGS3	0.24875045081456496	555
PLEK	0.2487467328838547	584
DBP	0.24870114079554523	643
ANXA7	0.2486859144012333	551
SPATS2	0.2486787822093985	707
TIMM8B	0.2486765646389867	666
CRCP	0.2486305963869667	614
CLU	0.24860837668546212	422
PFDN6	0.2484760479336518	638
NCF2	0.2484443102006669	606
STXBP1	0.24841630480635962	556
DGKE	0.24837712154310712	542
TNKS2	0.24834315118157602	641
PRRC2B	0.2482742569715256	739
ZNF532	0.24823357548290617	637
MPV17L	0.2481681868419531	578
ICAM2	0.24807156995345564	624
PTGDS	0.24797399669423134	503
SNX2	0.2479506290049255	632
TEN1	0.24793623851254867	640
SUPT3H	0.24786394017657942	563
SYNGR3	0.2477950168428412	653
RBL2	0.2477944455666903	667
SLC22A17	0.24779031065687354	494
PCED1A	0.2477732604162298	692
MSL2	0.24776990335983287	714
NFATC2IP	0.24768300677711194	665
NAA60	0.24764841742548357	626
MCMBP	0.2475731845790227	637
PLD4	0.24752707378686314	646
B4GALT1	0.2474553307290257	640
CERT1	0.24740163040910182	647
LBH	0.24738848345212125	655
ZIM2	0.2473713659204679	540
TGFBI	0.2473667754483202	490
TELO2	0.2473630304728893	637
TAOK1	0.24736005579955028	611
TBC1D15	0.24731784027011366	665
SOCS1	0.2472953656385566	722
PLEKHH3	0.24721328715265806	626
SLFN5	0.2471732240889577	607
KDM3A	0.24708549832043628	611
DCAF12	0.24700432626070185	666
SLC9A3R2	0.2469562258228202	579
VEZF1	0.24694624147205874	640
FPGS	0.24681655181335962	667
LYSMD4	0.24675519784781808	610
DELE1	0.2467298409636875	688
PPP1CB	0.24671685956526423	593
MICAL1	0.246712901360172	601
TAPBPL	0.24671068441968966	632
GPSM1	0.24667935821067957	545
RPN1	0.24667051739221946	565
GPCPD1	0.24652027217022218	743
PPCDC	0.24646789768498203	606
HOXB3	0.24646362657167978	542
SNX6	0.2464223312731284	614
EPRS	0.2463250386178622	631
ERO1A	0.2462673698502915	626
TNFSF10	0.2462566165125513	616
OCIAD1	0.24622781140368066	594
CWC15	0.24618913990440328	668
NFKBIZ	0.24617884314454022	541
MAGED1	0.24612336241128774	588
RELCH	0.24611827896717722	722
HP	0.24609989952794525	570
GCC2	0.24609948244467017	625
OSBPL2	0.24606448958686386	668
EIF2AK4	0.24602535415046634	679
MAP3K3	0.24602244577964472	601
FBXW4	0.24600755336808292	662
EIF2AK1	0.24600021648466083	690
WDR45B	0.24596135823711385	655
TRBC1	0.2458641383325288	579
CCR2	0.24584479978309287	642
CRTC3	0.245843644004935	641
NECAP2	0.24580550728204936	624
RHBDD1	0.24575802134176747	637
THADA	0.24574810337763725	706
CD79B	0.24573101724513804	622
SLC25A38	0.24570786656030538	684
SLC35B1	0.24567703256679868	642
NBEAL2	0.2456681437163403	646
MMP8	0.24565427629826422	632
SPTSSB	0.24560740201601722	572
FOPNL	0.2455888172947266	637
STK38L	0.24554485359490014	582
NFE2	0.24546041904931182	617
TMEM205	0.24543057769692925	600
TIMM10	0.2454034210209657	683
SPATS2L	0.24535249544407461	625
SLC46A3	0.24530003532453265	571
ANKIB1	0.2452872935649604	555
TRAC	0.2452780957470908	622
NUDT22	0.24523482477164468	674
VPS52	0.24518766474273307	667
ATP5IF1	0.2451219768999132	626
BUB3	0.24507773872588678	637
RNF215	0.24505255570122808	589
UBA3	0.24501277709695443	640
ARHGEF12	0.24499735747811804	661
MAPKAPK5	0.2449660424957917	650
ACOX1	0.24493628543961388	661
TRIOBP	0.24486798533665485	617
MFSD1	0.24486267260814032	627
UBQLN4	0.2448564036116243	577
OXA1L	0.2448360980507219	649
RSPRY1	0.24482813788258953	647
HAUS2	0.2446901256260065	616
TOR1A	0.24464865726403895	633
SFT2D3	0.24456345502772223	591
AC073111.4	0.24450727650019466	638
TAMM41	0.24444474979732828	615
VASH2	0.24431331682784985	643
AUP1	0.24429707236079573	632
ZMYM2	0.24414963759114194	704
MCM3AP	0.24407900570674387	649
CPSF2	0.2440156380959068	630
TSTD1	0.243954015892113	616
VAMP2	0.2439213724262777	637
SCAF8	0.24391724049976143	650
TPGS2	0.2439014103298239	662
SEC24D	0.24388042186646777	656
EIF2B5	0.2437672552352998	664
AGK	0.24373772443552658	511
ATF7IP	0.24372838643220388	684
SHISA5	0.24366987603433626	619
CD68	0.2436228591373118	549
CNOT11	0.24359712197973307	677
C1QB	0.24357009951404468	585
CEP120	0.2435696824233865	645
HECTD1	0.2435489919820035	659
CXXC5	0.24354745003834338	654
TMEM179B	0.2435061711531965	618
ADPGK	0.2435006909824004	686
SP3	0.24349162096056576	637
RNF26	0.24345728531539337	640
SELENBP1	0.24342275621637846	608
KRIT1	0.24335099083028522	667
EIF2S1	0.24332904480726195	627
KANK1	0.2432206731462955	675
RECQL	0.24302755992897593	607
NAT9	0.24302219668451336	698
PCNX2	0.2429834428741897	598
NUP153	0.2428997930861788	646
ATG13	0.24288462845497902	654
FAM120AOS	0.24287301803475805	665
ZNF322	0.24285662324999788	537
SEC24A	0.24270477811295252	640
MSL1	0.24264952677360657	719
ZNRD2	0.24262185363056743	635
PGP	0.24252478123599758	634
VPS35L	0.2424474774146882	598
CASP3	0.24244559547292985	644
PCMT1	0.24244382281605498	644
SPTLC2	0.24243862971282398	655
LRRC40	0.2424119052380458	641
AP2A1	0.24235049096486982	685
DDX6	0.24233629403177956	627
GPS1	0.24229498746126493	578
KDM4C	0.24223639369639607	699
SEMA4D	0.24222365848673183	639
PFKFB3	0.24204512225546268	679
POLR3E	0.24204187678834743	619
ARV1	0.24200943070375966	631
RBM47	0.24200287247817767	625
NBAS	0.24198761977439642	625
PNOC	0.24197252307853997	651
AMPD3	0.24196125250471565	630
MKNK2	0.24196064930494296	690
PSMF1	0.24193568280358893	663
ABHD17B	0.24189882604464366	557
APBB1IP	0.24178134408249594	632
ANAPC15	0.24173173767505862	708
C11orf68	0.2417044518303872	608
KLF9	0.24168812950522212	603
HEMGN	0.24165743236554957	613
TSC22D2	0.24165063654090893	678
DYNC1I2	0.24165014728341433	618
RTKN2	0.2416372442301668	550
TAB2	0.2416364094699217	550
LTV1	0.24159523066326752	617
STARD4	0.2415447388761188	574
MPLKIP	0.24152049603116962	577
RMND5A	0.2415124498470129	651
